"match_id","points_per_kick","home_ground","temp","humidity","dew","precip","precipprob","windspeed","winddir","conditions"
14787,3.28846153846154,"Melbourne Cricket Ground",66.2,69.94,56.1,0,0,185,185,"Partially cloudy"
14788,3,"Melbourne Cricket Ground",65.4,64.21,53,0,0,182,182,"Partially cloudy"
14789,2.95,"Carrara Stadium",84,51.3,64.1,0,0,55,55,"Partially cloudy"
14790,3.84615384615385,"Docklands Stadium",64.6,74.17,56.2,0,0,165,165,"Partially cloudy"
14791,2.85483870967742,"Sydney Cricket Ground",73.9,66.65,62.1,0,0,66,66,"Clear"
14792,2.82,"Docklands Stadium",63.9,46.91,43.2,0,0,172,172,"Partially cloudy"
14793,3.91379310344828,"Adelaide Oval",67.4,43.83,44.6,0.002,0.002,119,119,"Rain, Overcast"
14794,4.36666666666667,"Perth Stadium",93.2,52.77,73.4,0,0,270,270,"Partially cloudy"
14795,3.76923076923077,"Kardinia Park",65,43.44,42.2,0,0,157,157,"Overcast"
14796,3.52083333333333,"Melbourne Cricket Ground",75.3,32.52,43.8,0,0,352,352,"Partially cloudy"
14797,3.53125,"Adelaide Oval",71.1,50.15,51.6,0,0,230,230,"Partially cloudy"
14798,3.02127659574468,"Docklands Stadium",64.9,58.11,49.8,0,0,180,180,"Partially cloudy"
14799,3.01538461538462,"The Gabba",84.9,51.74,65.2,0,0,49,49,"Clear"
14800,2.97560975609756,"Docklands Stadium",62.1,53.22,44.9,0,0,178,178,"Partially cloudy"
14801,3.35820895522388,"Perth Stadium",91.4,43.65,66.2,0,0,330,330,"Partially cloudy"
14802,3.36170212765957,"Sydney Showground Stadium",72.6,68.35,61.6,0,0,172,172,"Partially cloudy"
14803,2.86274509803922,"Melbourne Cricket Ground",65.4,46.07,44.1,0,0,186,186,"Partially cloudy"
14804,3.57142857142857,"Docklands Stadium",63.9,50.03,44.9,0,0,189,189,"Clear"
14805,3.33333333333333,"Adelaide Oval",58.2,72.55,49.5,0,0,238,238,"Clear"
14806,3.87037037037037,"Docklands Stadium",68.1,58.41,52.9,0,0,201,201,"Overcast"
14807,3.70689655172414,"Melbourne Cricket Ground",69.4,48.23,49,0,0,110,110,"Partially cloudy"
14808,3.45652173913043,"Sydney Cricket Ground",72.1,62.39,58.5,0,0,143,143,"Partially cloudy"
14809,2.58,"Carrara Stadium",73.6,80.97,67.4,0,0,21,21,"Clear"
14810,2.7037037037037,"Perth Stadium",89.7,62.17,75,0,0,220,220,"Overcast"
14811,4.04615384615385,"Docklands Stadium",69.5,48.51,49.2,0,0,280,280,"Partially cloudy"
14812,3.6734693877551,"Docklands Stadium",72.5,42.94,48.7,0,0,231,231,"Partially cloudy"
14813,2.93333333333333,"Kardinia Park",72.4,42.71,48.5,0,0,244,244,"Partially cloudy"
14814,3.56,"Perth Stadium",87.6,52.47,68.1,0,0,290,290,"Clear"
14815,2.65853658536585,"Docklands Stadium",62.7,82.98,57.4,0,0,189,189,"Partially cloudy"
14816,3.69565217391304,"Melbourne Cricket Ground",62.9,74.07,54.6,0,0,169,169,"Partially cloudy"
14817,2.93939393939394,"The Gabba",73.7,66.66,61.9,0,0,90,90,"Partially cloudy"
14818,3.33333333333333,"Docklands Stadium",58.2,78.85,51.6,0,0,172,172,"Overcast"
14819,3.49152542372881,"Adelaide Oval",56.8,75.59,49.2,0,0,139,139,"Partially cloudy"
14820,3.54237288135593,"Sydney Showground Stadium",67,82.21,61.4,0,0,198,198,"Partially cloudy"
14821,3.72727272727273,"Melbourne Cricket Ground",65.5,50.26,46.5,0,0,195,195,"Partially cloudy"
14822,3.79661016949153,"Docklands Stadium",64.5,51.17,46.1,0,0,180,180,"Clear"
14823,4.11320754716981,"Melbourne Cricket Ground",58.8,52.31,41.4,0,0,181,181,"Overcast"
14824,3.1219512195122,"Sydney Cricket Ground",64.8,80.19,58.6,0,0,198,198,"Partially cloudy"
14825,3.71153846153846,"Carrara Stadium",76.6,54.64,59.1,0,0,120,120,"Partially cloudy"
14826,3.29090909090909,"Docklands Stadium",60.6,74.87,52.6,0,0,163,163,"Partially cloudy"
14827,3.43478260869565,"Adelaide Oval",55.5,74.17,47.4,0,0,156,156,"Clear"
14828,3.98039215686275,"Docklands Stadium",64.8,61.66,51.4,0,0,181,181,"Clear"
14829,2.74,"Perth Stadium",101.8,9.43,33.6,0,0,60,60,"Clear"
14830,3.91071428571429,"Melbourne Cricket Ground",60.2,83.76,55.2,0,0,188,188,"Clear"
14831,4.0377358490566,"Melbourne Cricket Ground",76.4,36.3,47.7,0,0,2,2,"Clear"
14832,2.69230769230769,"Docklands Stadium",63.4,83.56,58.4,0,0,9,9,"Clear"
14833,3.69354838709677,"Melbourne Cricket Ground",72.7,62.06,58.9,0,0,1,1,"Clear"
14834,2.90909090909091,"Adelaide Oval",75.4,24.39,36.5,0,0,328,328,"Clear"
14835,3.93333333333333,"Sydney Showground Stadium",78.5,52.01,59.4,0,0,12,12,"Partially cloudy"
14836,3.61016949152542,"Kardinia Park",68.9,71.61,59.4,0,0,2,2,"Clear"
14837,3.26666666666667,"Melbourne Cricket Ground",68.9,71.61,59.4,0,0,2,2,"Clear"
14838,3.91666666666667,"The Gabba",71.5,94.48,69.8,0,0,207,207,"Partially cloudy"
14839,2.79545454545455,"Docklands Stadium",59.6,50.98,41.5,0,0,0,0,"Rain, Overcast"
14840,3.35185185185185,"Perth Stadium",89.9,54.43,71.2,0,0,250,250,"Overcast"
14841,4.19230769230769,"Melbourne Cricket Ground",63.7,74.34,55.4,0,0,225,225,"Overcast"
14842,3.6530612244898,"Melbourne Cricket Ground",76.6,36.32,47.9,0,0,351,351,"Clear"
14843,3.44827586206897,"Kardinia Park",75.4,38.86,48.6,0,0,353,353,"Overcast"
14844,3.34545454545455,"Sydney Cricket Ground",69.8,69.91,59.5,0,0,54,54,"Partially cloudy"
14845,4.28070175438596,"Carrara Stadium",73.5,68.33,62.4,0,0,109,109,"Partially cloudy"
14846,4.08928571428571,"Docklands Stadium",69.7,50.05,50.3,0,0,23,23,"Clear"
14847,3.38,"Perth Stadium",78.8,89.69,75.5,0,0,306,306,"Partially cloudy"
14848,3.16326530612245,"Docklands Stadium",63.6,90.99,60.9,0,0,0,0,"Rain, Partially cloudy"
14849,3.33333333333333,"Adelaide Oval",64.3,84.37,59.5,0,0,339,339,"Partially cloudy"
14850,3.38775510204082,"Adelaide Oval",56.9,67.89,46.4,0,0,22,22,"Clear"
14851,2.71428571428571,"Docklands Stadium",68.4,60.26,54.1,0,0,360,360,"Clear"
14852,3.77551020408163,"Melbourne Cricket Ground",69.1,58.75,54.1,0,0,360,360,"Partially cloudy"
14853,3.81132075471698,"Sydney Showground Stadium",74.7,37.77,47.3,0,0,40,40,"Clear"
14854,3.30645161290323,"The Gabba",68.2,83.27,62.9,0,0,129,129,"Partially cloudy"
14855,3.51785714285714,"Melbourne Cricket Ground",66.5,57.34,51,0,0,359,359,"Clear"
14856,3.38888888888889,"Docklands Stadium",67.8,53.05,50,0,0,280,280,"Partially cloudy"
14857,3.56603773584906,"Melbourne Cricket Ground",68.6,43.56,45.6,0,0,256,256,"Partially cloudy"
14858,3.47727272727273,"Perth Stadium",91.2,21.3,46.2,0,0,160,160,"Partially cloudy"
14859,3.02564102564103,"Melbourne Cricket Ground",54.4,79.87,48.3,0,0,42,42,"Partially cloudy"
14860,3.76595744680851,"Melbourne Cricket Ground",63.9,56.75,48.2,0,0,354,354,"Partially cloudy"
14861,3.90909090909091,"Carrara Stadium",77.1,56.55,60.5,0,0,118,118,"Partially cloudy"
14862,3.64583333333333,"Adelaide Oval",69.2,42.48,45.5,0,0,352,352,"Partially cloudy"
14863,3.18367346938776,"Docklands Stadium",59.1,65.21,47.5,0,0,1,1,"Clear"
14864,2.72727272727273,"Perth Stadium",82.5,69.72,71.6,0,0,280,280,"Clear"
14865,3.42857142857143,"Melbourne Cricket Ground",68.2,53.25,50.6,0,0,352,352,"Clear"
14866,3.6,"Sydney Showground Stadium",71.6,64.83,59.2,0,0,67,67,"Partially cloudy"
14867,3.38,"Docklands Stadium",71.4,43.05,47.8,0,0,1,1,"Clear"
14868,3.27659574468085,"Sydney Cricket Ground",57.2,38.92,32.4,0,0,262,262,"Partially cloudy"
14869,4.07547169811321,"The Gabba",72.9,27.9,37.8,0,0,260,260,"Partially cloudy"
14870,3.39285714285714,"Melbourne Cricket Ground",52.7,88.59,49.4,0,0,192,192,"Partially cloudy"
14871,3.70454545454545,"Docklands Stadium",54.9,69.98,45.2,0,0,217,217,"Overcast"
14872,3.84090909090909,"Docklands Stadium",53.2,70.37,43.8,0,0,206,206,"Overcast"
14873,3.29824561403509,"Adelaide Oval",51.9,75.74,44.5,0,0,107,107,"Partially cloudy"
14874,3.33928571428571,"Docklands Stadium",55.9,55.87,40.3,0,0,244,244,"Overcast"
14875,3.24324324324324,"Melbourne Cricket Ground",56,55.18,40.1,0,0,260,260,"Overcast"
14876,3.42592592592593,"Perth Stadium",87.6,48.85,66,0,0,270,270,"Clear"
14877,3.23076923076923,"Docklands Stadium",53,93.94,51.3,0,0,30,30,"Partially cloudy"
14878,3.18181818181818,"Melbourne Cricket Ground",54.8,99.78,54.8,0,0,213,213,"Overcast"
14879,3.66666666666667,"Docklands Stadium",54.6,99.85,54.6,0,0,203,203,"Overcast"
14880,3.73469387755102,"Kardinia Park",54.7,99.95,54.6,0,0,218,218,"Overcast"
14881,3,"Carrara Stadium",64.2,98.92,63.9,0,0,201,201,"Partially cloudy"
14882,3.48979591836735,"Perth Stadium",84,69.67,73,0,0,250,250,"Partially cloudy"
14883,3.31481481481481,"Melbourne Cricket Ground",56.7,99.65,56.6,0,0,183,183,"Overcast"
14884,3.6046511627907,"Docklands Stadium",57.3,96.7,56.4,0,0,0,0,"Rain, Overcast"
14885,2.88524590163934,"Adelaide Oval",56.1,66.78,45.2,0,0,258,258,"Partially cloudy"
14886,3.74509803921569,"Docklands Stadium",55.4,81.18,49.7,0,0,327,327,"Partially cloudy"
14887,3.72549019607843,"Adelaide Oval",57.3,70.69,47.9,0,0,219,219,"Partially cloudy"
14888,3.86792452830189,"The Gabba",70,58.62,54.9,0,0,48,48,"Partially cloudy"
14889,3.74468085106383,"Kardinia Park",51,62.39,38.6,0,0,268,268,"Partially cloudy"
14890,3.30188679245283,"Perth Stadium",85.8,31.42,52.1,0,0,90,90,"Clear"
14891,3.89583333333333,"Docklands Stadium",54.7,50.12,36.4,0,0,209,209,"Partially cloudy"
14892,3.7962962962963,"Melbourne Cricket Ground",55.9,51,38,0,0,212,212,"Partially cloudy"
14893,2.92982456140351,"Sydney Showground Stadium",60.3,48.93,41.1,0,0,167,167,"Partially cloudy"
14894,3.47826086956522,"Melbourne Cricket Ground",55.5,54.89,39.5,0,0,2,2,"Partially cloudy"
14895,3.35294117647059,"Docklands Stadium",55.6,99.87,55.6,0,0,64,64,"Overcast"
14896,3.8,"The Gabba",70.9,70.35,60.8,0,0,130,130,"Partially cloudy"
14897,2.83018867924528,"Perth Stadium",88.1,26.92,49.8,0,0,140,140,"Partially cloudy"
14898,3.22727272727273,"Docklands Stadium",49,92.42,46.9,0,0,159,159,"Overcast"
14899,2.46666666666667,"Sydney Cricket Ground",62.6,91.71,60.2,0,0,96,96,"Partially cloudy"
14900,3.20634920634921,"Docklands Stadium",52.1,85.7,47.9,0,0,201,201,"Partially cloudy"
14901,2.98148148148148,"Adelaide Oval",49.8,70.86,40.8,0,0,274,274,"Partially cloudy"
14902,3.02564102564103,"Melbourne Cricket Ground",42.7,74.01,35,0,0,298,298,"Clear"
14903,3.29824561403509,"Melbourne Cricket Ground",53.6,58.93,39.6,0,0,327,327,"Clear"
14904,3.16949152542373,"Sydney Showground Stadium",55.3,40.42,31.6,0,0,204,204,"Clear"
14905,3.42307692307692,"Docklands Stadium",46.7,89.74,43.9,0,0,351,351,"Overcast"
14906,2.85714285714286,"Melbourne Cricket Ground",49.9,56.93,35.2,0,0,351,351,"Overcast"
14907,3.50980392156863,"Perth Stadium",78.8,78.61,71.6,0,0,300,300,"Clear"
14908,3.66666666666667,"Adelaide Oval",52.2,91.53,49.8,0,0,316,316,"Partially cloudy"
14909,2.64615384615385,"Carrara Stadium",66.4,40.12,41.4,0,0,144,144,"Clear"
14910,3.53333333333333,"Sydney Cricket Ground",62,39.94,37.4,0,0,283,283,"Clear"
14911,2.67567567567568,"Docklands Stadium",57.8,58.36,43.3,0,0,331,331,"Overcast"
14912,3.47540983606557,"Melbourne Cricket Ground",61,58.29,46.3,0,0,340,340,"Partially cloudy"
14913,3.625,"Adelaide Oval",46.9,87.87,43.5,0,0,151,151,"Overcast"
14914,3.6046511627907,"Kardinia Park",51.8,88.72,48.6,0,0,190,190,"Partially cloudy"
14915,3.7719298245614,"Sydney Showground Stadium",60.3,76.59,52.9,0,0,208,208,"Partially cloudy"
14916,4.23728813559322,"Carrara Stadium",67.6,46,46.1,0,0,54,54,"Clear"
14917,3.5,"Docklands Stadium",48.2,91.15,45.8,0,0,98,98,"Clear"
14918,2.875,"Melbourne Cricket Ground",48.2,91.15,45.8,0,0,98,98,"Clear"
14919,3.4,"Docklands Stadium",57,68.92,46.9,0,0,1,1,"Overcast"
14920,3.74468085106383,"Perth Stadium",82.4,45.1,59,0,0,200,200,"Clear"
14921,3.70909090909091,"Docklands Stadium",54.4,76.87,47.3,0,0,11,11,"Overcast"
14922,2.66666666666667,"Sydney Cricket Ground",52.7,37.31,27.3,0,0,261,261,"Clear"
14923,3.69444444444444,"Perth Stadium",71.9,24.31,33.4,0,0,97,97,"Partially cloudy"
14924,3.56,"Melbourne Cricket Ground",55.2,57.62,40.5,0,0,214,214,"Clear"
14925,3.23636363636364,"Docklands Stadium",55.6,57.32,40.8,0,0,185,185,"Clear"
14926,3,"Docklands Stadium",46.5,84.54,42.1,0,0,163,163,"Clear"
14927,3.09615384615385,"Adelaide Oval",45.9,81.02,40.4,0,0,54,54,"Clear"
14928,3.20833333333333,"Docklands Stadium",58.9,47.02,38.8,0,0,352,352,"Clear"
14929,3.30909090909091,"Docklands Stadium",60.2,45.52,39.1,0,0,1,1,"Overcast"
14930,3.33870967741935,"The Gabba",68.2,68.07,57.3,0,0,129,129,"Partially cloudy"
14931,3.29508196721311,"Melbourne Cricket Ground",53.6,71.48,44.6,0,0,319,319,"Partially cloudy"
14932,3.11363636363636,"Sydney Cricket Ground",63.8,28.24,30.3,0,0,298,298,"Clear"
14933,3.95555555555556,"Carrara Stadium",84.2,34.9,53.6,0,0,260,260,"Clear"
14934,3.05,"Perth Stadium",91,18.48,42.4,0,0,170,170,"Clear"
14935,2.77083333333333,"Kardinia Park",46.8,75.22,39.4,0,0,289,289,"Partially cloudy"
14936,3.375,"Docklands Stadium",46.8,75.22,39.4,0,0,289,289,"Partially cloudy"
14937,3.375,"Docklands Stadium",50.9,64.86,39.5,0,0,359,359,"Clear"
14938,2.71428571428571,"Melbourne Cricket Ground",51,65.35,39.8,0,0,351,351,"Overcast"
14939,3.23809523809524,"Adelaide Oval",50.8,71.87,42,0,0,290,290,"Partially cloudy"
14940,3.42307692307692,"Kardinia Park",54.4,86.35,50.4,0,0,305,305,"Partially cloudy"
14941,3.275,"Sydney Showground Stadium",62.1,55.02,45.7,0,0,178,178,"Partially cloudy"
14942,2.59574468085106,"Melbourne Cricket Ground",55.4,74.35,47.4,0,0,359,359,"Partially cloudy"
14943,3.62790697674419,"Melbourne Cricket Ground",53.8,76.45,46.6,0,0,353,353,"Overcast"
14944,2.80392156862745,"Docklands Stadium",53.6,76.14,46.3,0,0,351,351,"Clear"
14945,3.40277777777778,"The Gabba",59,74.75,51,0,0,129,129,"Clear"
14946,2.8,"Melbourne Cricket Ground",61.1,44.39,39.3,0,0,340,340,"Clear"
14947,3.91304347826087,"Perth Stadium",89.6,5.13,10.3,0,0,170,170,"Clear"
14948,3.51724137931034,"Adelaide Oval",57.1,72.12,48.2,0,0,1,1,"Partially cloudy"
14949,3.48936170212766,"Melbourne Cricket Ground",52.1,66.95,41.5,0,0,224,224,"Overcast"
14950,2.6,"Sydney Cricket Ground",57.7,77.63,50.8,0,0,109,109,"Partially cloudy"
14951,3.72,"Melbourne Cricket Ground",55.4,53.89,39,0,0,23,23,"Partially cloudy"
14952,4.02325581395349,"Carrara Stadium",65.8,63.27,53,0,0,110,110,"Partially cloudy"
14953,2.97222222222222,"Docklands Stadium",54.6,57.19,39.8,0,0,22,22,"Overcast"
14954,3.71929824561404,"Adelaide Oval",48,73.48,39.9,0,0,71,71,"Clear"
14955,3.35294117647059,"Docklands Stadium",59.2,35.59,32,0,0,228,228,"Overcast"
14956,3.02272727272727,"Kardinia Park",59.6,35.29,32.1,0,0,231,231,"Clear"
14957,3.35294117647059,"Perth Stadium",82.7,16.05,32,0,0,250,250,"Partially cloudy"
14958,3.79591836734694,"Docklands Stadium",52.8,71.58,43.8,0,0,360,360,"Partially cloudy"
14959,3.35714285714286,"The Gabba",72.8,30.99,40.4,0,0,270,270,"Clear"
14960,3.71794871794872,"Melbourne Cricket Ground",57.3,55.2,41.3,0,0,338,338,"Partially cloudy"
14961,3.29310344827586,"Sydney Showground Stadium",67.3,29.42,34.3,0,0,278,278,"Clear"
14962,4,"Docklands Stadium",55.2,64.68,43.5,0,0,350,350,"Partially cloudy"
14963,2.75,"Adelaide Oval",52.6,81.05,47,0,0,288,288,"Partially cloudy"
14964,3.26190476190476,"Docklands Stadium",61.8,50.19,43.1,0,0,322,322,"Partially cloudy"
14965,3.10416666666667,"Melbourne Cricket Ground",61.7,49.89,42.8,0,0,276,276,"Partially cloudy"
14966,3.63157894736842,"Perth Stadium",89.7,20.66,44.2,0,0,280,280,"Clear"
14967,3.23404255319149,"Perth Stadium",83.7,29.41,48.5,0,0,168,168,"Clear"
14968,2.90740740740741,"Docklands Stadium",54.6,49.66,36.2,0,0,298,298,"Overcast"
14969,2.34146341463415,"Melbourne Cricket Ground",55.4,56.47,40.2,0,0,307,307,"Partially cloudy"
14970,2.96363636363636,"Sydney Showground Stadium",62.3,30.08,30.5,0,0,270,270,"Partially cloudy"
14971,2.71186440677966,"Melbourne Cricket Ground",53.1,59.84,39.5,0,0,350,350,"Overcast"
14972,3.24193548387097,"Adelaide Oval",52,81.47,46.5,0,0,312,312,"Partially cloudy"
14973,2.53846153846154,"Docklands Stadium",55.9,72.7,47.3,0,0,358,358,"Overcast"
14974,3.52727272727273,"The Gabba",69.7,44.76,47.3,0.006,0.006,64,64,"Rain"
14975,3.37209302325581,"Docklands Stadium",57.7,65.31,46.2,0,0,347,347,"Partially cloudy"
14976,3.17307692307692,"Adelaide Oval",48.8,63.01,36.8,0,0,231,231,"Partially cloudy"
14977,3.71153846153846,"Kardinia Park",58.7,45.33,37.6,0,0,339,339,"Partially cloudy"
14978,3.12280701754386,"Docklands Stadium",58.6,44.26,36.9,0,0,333,333,"Partially cloudy"
14979,3.83636363636364,"Sydney Cricket Ground",64.2,39.72,39.2,0,0,25,25,"Clear"
14980,3.01923076923077,"Docklands Stadium",54.7,55.83,39.2,0,0,349,349,"Clear"
14981,3.12244897959184,"Carrara Stadium",61.9,56.43,46.3,0,0,80,80,"Clear"
14982,3.921875,"Docklands Stadium",64.4,40.98,40.2,0,0,349,349,"Clear"
14983,4.01818181818182,"Melbourne Cricket Ground",64.4,43.54,41.8,0,0,235,235,"Partially cloudy"
14984,3.05555555555556,"Perth Stadium",82.4,51.73,62.9,0,0,270,270,"Partially cloudy"
14985,3.29545454545455,"Perth Stadium",84,40.23,57.3,0,0,240,240,"Clear"
14986,3.13725490196078,"Kardinia Park",57.8,94.2,56.2,0,0,24,24,"Overcast"
14987,2.58181818181818,"Sydney Cricket Ground",71.3,30.93,39,0,0,291,291,"Partially cloudy"
14988,3.54098360655738,"Adelaide Oval",50.3,91.91,48,0,0,69,69,"Partially cloudy"
14989,3.20338983050847,"Melbourne Cricket Ground",57.9,52.73,40.8,0,0,349,349,"Overcast"
14990,3.43103448275862,"Sydney Cricket Ground",65.8,47.18,45.1,0,0,40,40,"Overcast"
14991,3.34782608695652,"Kardinia Park",56.4,78,49.6,0,0,184,184,"Clear"
14992,3.11111111111111,"Sydney Showground Stadium",66.6,69.86,56.5,0,0,77,77,"Clear"
14993,3.23404255319149,"Sydney Cricket Ground",70.7,32.33,39.7,0,0,289,289,"Clear"
14994,4.42857142857143,"Docklands Stadium",70.9,61.21,56.9,0,0,142,142,"Partially cloudy"
14995,3.31481481481481,"Melbourne Cricket Ground",72.6,69.61,62.1,0,0,351,351,"Overcast"
14996,3.88679245283019,"Docklands Stadium",82.6,48.97,61.5,0,0,43,43,"Partially cloudy"
14997,3.89795918367347,"Sydney Cricket Ground",73.6,63.65,60.5,0,0,57,57,"Overcast"
14998,3.2258064516129,"Docklands Stadium",74.7,74.98,66.2,0,0,340,340,"Partially cloudy"
14999,3.51851851851852,"Carrara Stadium",75.4,71.85,65.7,0,0,90,90,"Partially cloudy"
15000,3.30434782608696,"Docklands Stadium",73.9,65.51,61.6,0,0,240,240,"Partially cloudy"
15001,4.06896551724138,"Adelaide Oval",85.3,43.02,60.3,0,0,295,295,"Partially cloudy"
15002,3.72,"Perth Stadium",87.8,70.48,77,0,0,340,340,"Clear"
15003,2.91666666666667,"Melbourne Cricket Ground",59.4,61.02,46,0,0,188,188,"Partially cloudy"
15004,3.31034482758621,"Docklands Stadium",59.4,55.19,43.3,0,0,184,184,"Partially cloudy"
15005,3.48214285714286,"Melbourne Cricket Ground",63.1,54.03,46.2,0,0,221,221,"Partially cloudy"
15006,3.6271186440678,"Sydney Showground Stadium",74.3,49.63,54.2,0,0,110,110,"Clear"
15007,3.55555555555556,"The Gabba",75.7,59.55,60.6,0,0,131,131,"Partially cloudy"
15008,3.88679245283019,"Perth Stadium",96.8,28.67,59,0,0,60,60,"Clear"
15009,3.66666666666667,"Kardinia Park",62.1,55.31,45.9,0,0,160,160,"Overcast"
15010,3.21739130434783,"Melbourne Cricket Ground",62.9,50.15,44.1,0,0,154,154,"Overcast"
15011,3.33333333333333,"Adelaide Oval",62.9,46.01,41.8,0,0,161,161,"Clear"
15012,2.73684210526316,"Sydney Cricket Ground",68.1,71.71,58.6,0,0,52,52,"Partially cloudy"
15013,3.07142857142857,"Docklands Stadium",79.1,33.97,48.3,0,0,359,359,"Clear"
15014,2.48148148148148,"Melbourne Cricket Ground",81.2,31.68,48.3,0,0,1,1,"Partially cloudy"
15015,3.68333333333333,"Kardinia Park",72.4,43.94,49.2,0,0,217,217,"Partially cloudy"
15016,3.46153846153846,"Adelaide Oval",62.5,74.59,54.3,0,0,250,250,"Partially cloudy"
15017,2.92592592592593,"Perth Stadium",89.7,58.17,73,0,0,260,260,"Overcast"
15018,3.03389830508475,"Docklands Stadium",54.2,79,47.8,0,0,309,309,"Partially cloudy"
15019,2.44736842105263,"Docklands Stadium",54,73.61,45.7,0,0,0,0,"Rain, Overcast"
15020,3.54716981132075,"Carrara Stadium",76.6,61.49,62.3,0,0,69,69,"Partially cloudy"
15021,3.06,"Perth Stadium",84.4,44.82,60.6,0,0,81,81,"Partially cloudy"
15022,3.05454545454545,"Docklands Stadium",61.7,67.27,50.7,0,0,189,189,"Overcast"
15023,3.74545454545455,"Melbourne Cricket Ground",60,55.57,44.1,0,0,231,231,"Overcast"
15024,3.22413793103448,"Sydney Showground Stadium",71.4,59.48,56.5,0,0,117,117,"Partially cloudy"
15025,3.63461538461538,"Docklands Stadium",58,54.03,41.5,0,0,214,214,"Partially cloudy"
15026,3.86885245901639,"Adelaide Oval",62.8,60.47,48.9,0,0,188,188,"Partially cloudy"
15027,2.57446808510638,"Melbourne Cricket Ground",69.3,42.59,45.6,0,0,189,189,"Partially cloudy"
15028,3.15789473684211,"The Gabba",74.8,51.28,55.6,0,0,60,60,"Partially cloudy"
15029,3.31481481481481,"Melbourne Cricket Ground",63.9,69.19,53.6,0,0,199,199,"Partially cloudy"
15030,3.13793103448276,"Adelaide Oval",59.6,79.15,53.2,0,0,164,164,"Clear"
15031,3.21538461538462,"Docklands Stadium",70.8,64.2,58.1,0,0,343,343,"Partially cloudy"
15032,4,"Carrara Stadium",72.9,51.6,54,0,0,110,110,"Partially cloudy"
15033,3.09433962264151,"Sydney Cricket Ground",71.4,68.58,60.5,0,0,353,353,"Partially cloudy"
15034,3.15384615384615,"Perth Stadium",89.9,59.08,73.7,0,0,230,230,"Partially cloudy"
15035,3.78181818181818,"Docklands Stadium",70.3,60.23,55.9,0,0,0,0,"Rain, Partially cloudy"
15036,3.94,"Melbourne Cricket Ground",68.2,67.52,57.1,0,0,188,188,"Partially cloudy"
15037,3.55813953488372,"Melbourne Cricket Ground",70.1,66.97,58.6,0,0,28,28,"Partially cloudy"
15038,3.27777777777778,"Docklands Stadium",62.6,76.83,55.3,0,0,0,0,"Rain, Overcast"
15039,2.89795918367347,"Sydney Showground Stadium",62,67.65,51.2,0,0,190,190,"Clear"
15040,3.6734693877551,"Melbourne Cricket Ground",63.8,75.16,55.8,0,0,240,240,"Overcast"
15041,3.65957446808511,"Docklands Stadium",63.9,75.41,56,0,0,198,198,"Partially cloudy"
15042,3.50819672131148,"The Gabba",73.5,49.54,53.5,0,0,72,72,"Partially cloudy"
15043,3.73584905660377,"Docklands Stadium",60.2,77.54,53.2,0,0,188,188,"Partially cloudy"
15044,3.48936170212766,"Perth Stadium",78.8,57.35,62.4,0,0,92,92,"Partially cloudy"
15045,3.19298245614035,"Docklands Stadium",62.1,54.24,45.3,0,0,296,296,"Partially cloudy"
15046,3.23636363636364,"Kardinia Park",62.6,56.74,47,0,0,339,339,"Overcast"
15047,3.90196078431373,"Adelaide Oval",61.2,56.72,45.7,0,0,311,311,"Overcast"
15048,3.29824561403509,"Docklands Stadium",61.1,64.28,49,0,0,3,3,"Clear"
15049,3.38805970149254,"Docklands Stadium",66.2,40.66,41.5,0,0,347,347,"Overcast"
15050,3.3,"Melbourne Cricket Ground",61.3,67.22,50.3,0,0,268,268,"Partially cloudy"
15051,3.82978723404255,"Adelaide Oval",60.2,55.9,44.4,0,0,203,203,"Clear"
15052,2.78181818181818,"Docklands Stadium",53.6,69.56,43.9,0,0,289,289,"Overcast"
15053,3.49206349206349,"Carrara Stadium",69.1,69.27,58.6,0,0,130,130,"Partially cloudy"
15054,3.68421052631579,"Sydney Cricket Ground",68.2,34.64,39.3,0,0,233,233,"Partially cloudy"
15055,3.8125,"Melbourne Cricket Ground",58.1,53.09,41.1,0.009,0.009,205,205,"Rain, Overcast"
15056,3.29310344827586,"Perth Stadium",94.8,19.37,46.7,0,0,120,120,"Clear"
15057,2.80434782608696,"Perth Stadium",78.1,66.08,65.8,0,0,249,249,"Clear"
15058,3.43396226415094,"Melbourne Cricket Ground",59.2,63.01,46.6,0,0,206,206,"Clear"
15059,3.34090909090909,"Docklands Stadium",58.6,63.85,46.4,0,0,195,195,"Partially cloudy"
15060,3.49122807017544,"Sydney Showground Stadium",69.3,69.09,58.7,0,0,54,54,"Partially cloudy"
15061,3.38983050847458,"Docklands Stadium",53.3,76.38,46.1,0,0,166,166,"Clear"
15062,3.71739130434783,"Adelaide Oval",53.5,72.78,44.9,0,0,116,116,"Clear"
15063,2.69811320754717,"Carrara Stadium",67.9,86.9,63.8,0,0,89,89,"Partially cloudy"
15064,3.04347826086957,"Melbourne Cricket Ground",55.7,77.06,48.6,0,0,40,40,"Overcast"
15065,3.30508474576271,"Docklands Stadium",57.7,74.48,49.7,0,0,198,198,"Overcast"
15066,3.85106382978723,"Kardinia Park",60.1,78.4,53.3,0,0,11,11,"Clear"
15067,3.26785714285714,"Docklands Stadium",63.9,62.21,50.7,0,0,353,353,"Partially cloudy"
15068,2.81132075471698,"Sydney Showground Stadium",69.1,69.52,58.7,0,0,128,128,"Partially cloudy"
15069,2.85507246376812,"The Gabba",64.5,93.45,62.6,0,0,0,0,"Clear"
15070,3.29787234042553,"Melbourne Cricket Ground",59.3,76.91,52,0,0,17,17,"Clear"
15071,3.33928571428571,"Docklands Stadium",63.9,67.96,53.1,0,0,1,1,"Overcast"
15072,3.03225806451613,"Melbourne Cricket Ground",63.1,68.95,52.7,0,0,353,353,"Partially cloudy"
15073,3.09302325581395,"Perth Stadium",84,26.94,46.4,0,0,270,270,"Clear"
15074,2.68965517241379,"Kardinia Park",60.3,70.75,50.8,0,0,350,350,"Overcast"
15075,3.47727272727273,"Sydney Cricket Ground",63.4,72.82,54.6,0,0,160,160,"Partially cloudy"
15076,3.06666666666667,"Docklands Stadium",62.9,61.65,49.5,0,0,1,1,"Clear"
15077,3.25,"Melbourne Cricket Ground",62.5,62.16,49.3,0,0,9,9,"Partially cloudy"
15078,2.52631578947368,"Melbourne Cricket Ground",62.1,61.96,48.9,0,0,353,353,"Partially cloudy"
15079,3.05172413793103,"Adelaide Oval",53.9,92.42,51.8,0,0,264,264,"Partially cloudy"
15080,3.46666666666667,"Melbourne Cricket Ground",57.8,49.72,39.2,0,0,289,289,"Partially cloudy"
15081,3.76363636363636,"Docklands Stadium",51.6,68.81,41.7,0,0,0,0,"Rain, Partially cloudy"
15082,3.56862745098039,"Perth Stadium",89.7,29.5,53.7,0,0,160,160,"Partially cloudy"
15083,2.57142857142857,"Adelaide Oval",45.5,79.51,39.6,0,0,90,90,"Clear"
15084,2.77586206896552,"Kardinia Park",53.6,72.81,45.1,0,0,228,228,"Overcast"
15085,3.16666666666667,"Carrara Stadium",71,44.01,48,0,0,189,189,"Partially cloudy"
15086,3.61016949152542,"Sydney Showground Stadium",60.7,76.77,53.3,0,0,199,199,"Partially cloudy"
15087,2.91071428571429,"Docklands Stadium",49.9,88.05,46.5,0,0,207,207,"Clear"
15088,3.0655737704918,"Perth Stadium",87.6,15.59,35.2,0,0,120,120,"Clear"
15089,2.52,"Sydney Cricket Ground",60.1,82.69,54.8,0,0,174,174,"Partially cloudy"
15090,3.05660377358491,"Adelaide Oval",49,85.8,44.9,0,0,159,159,"Partially cloudy"
15091,2.81967213114754,"Melbourne Cricket Ground",57.7,68.95,47.6,0,0,106,106,"Clear"
15092,3.49019607843137,"The Gabba",69.3,66.42,57.6,0,0,140,140,"Partially cloudy"
15093,2.90625,"Docklands Stadium",48.3,97.26,47.5,0,0,212,212,"Clear"
15094,2.66666666666667,"Docklands Stadium",57.1,67.45,46.4,0,0,260,260,"Partially cloudy"
15095,3.73076923076923,"Melbourne Cricket Ground",59,77.76,52,0.001,0.001,210,210,"Rain, Overcast"
15096,2.83018867924528,"Perth Stadium",74.2,39.8,48.2,0,0,143,143,"Overcast"
15097,2.82142857142857,"Docklands Stadium",49.8,91.04,47.2,0,0,20,20,"Clear"
15098,3.08333333333333,"Melbourne Cricket Ground",58.4,65.38,46.8,0,0,263,263,"Clear"
15099,3.68518518518519,"Adelaide Oval",57.5,79.88,51.3,0,0,242,242,"Clear"
15100,3.29787234042553,"Carrara Stadium",65.9,87.49,62.1,0,0,170,170,"Partially cloudy"
15101,3.34,"Docklands Stadium",59.4,69.87,49.5,0,0,203,203,"Clear"
15102,3.60416666666667,"Adelaide Oval",49.6,59.23,36,0,0,46,46,"Clear"
15103,2.75409836065574,"Sydney Cricket Ground",58.7,67.79,48.1,0,0,322,322,"Partially cloudy"
15104,2.88679245283019,"Melbourne Cricket Ground",52.7,56.13,37.5,0,0,225,225,"Clear"
15105,3.52307692307692,"The Gabba",71,44.97,48.6,0,0,40,40,"Clear"
15106,3.60344827586207,"Docklands Stadium",51.2,57.83,36.9,0,0,265,265,"Overcast"
15107,3.36842105263158,"Perth Stadium",78.4,65.11,65.8,0,0,250,250,"Overcast"
15108,3.2,"Kardinia Park",55.9,57.97,41.4,0,0,328,328,"Overcast"
15109,2.63461538461538,"Melbourne Cricket Ground",55.7,58.06,41.2,0,0,331,331,"Overcast"
15110,2.83606557377049,"Docklands Stadium",57.2,54.51,40.9,0,0,320,320,"Partially cloudy"
15111,2.6530612244898,"Melbourne Cricket Ground",44.1,79.89,38.3,0,0,145,145,"Partially cloudy"
15112,3.18,"Docklands Stadium",53.9,53.11,37.2,0,0,351,351,"Clear"
15113,3.46808510638298,"Docklands Stadium",53.7,50.71,35.9,0,0,352,352,"Clear"
15114,3.41269841269841,"Carrara Stadium",62.7,45.48,41.4,0,0,90,90,"Clear"
15115,3.42105263157895,"Sydney Showground Stadium",52.7,70.68,43.4,0,0,215,215,"Partially cloudy"
15116,2.66666666666667,"Adelaide Oval",48.6,75.03,41,0,0,45,45,"Partially cloudy"
15117,3.07272727272727,"Docklands Stadium",55,39.68,30.9,0,0,352,352,"Clear"
15118,3.8,"Melbourne Cricket Ground",56.9,36.59,30.6,0.001,0.001,359,359,"Rain"
15119,3.01818181818182,"Perth Stadium",82.7,51.28,62.9,0,0,250,250,"Partially cloudy"
15120,3.42857142857143,"Adelaide Oval",49.5,88.55,46.3,0,0,266,266,"Partially cloudy"
15121,3.73076923076923,"Melbourne Cricket Ground",55.2,64.7,43.5,0,0,289,289,"Overcast"
15122,3.80392156862745,"Melbourne Cricket Ground",55.3,64.54,43.5,0,0,311,311,"Partially cloudy"
15123,3.15094339622642,"Sydney Cricket Ground",63.7,39.42,38.6,0,0,291,291,"Clear"
15124,3.18918918918919,"The Gabba",60.4,45.67,39.3,0,0,260,260,"Clear"
15125,3.3015873015873,"Docklands Stadium",51,72.55,42.5,0,0,351,351,"Clear"
15126,3.64444444444444,"Docklands Stadium",56.7,50.53,38.6,0,0,282,282,"Overcast"
15127,3.38,"Docklands Stadium",55.8,50.19,37.5,0,0,300,300,"Partially cloudy"
15128,3.64285714285714,"Perth Stadium",78.4,12.53,22.6,0,0,170,170,"Clear"
15129,2.91525423728814,"Docklands Stadium",51.5,64.28,39.8,0,0,309,309,"Partially cloudy"
15130,3.35294117647059,"Kardinia Park",51.4,62.86,39.1,0,0,189,189,"Partially cloudy"
15131,3.06896551724138,"Adelaide Oval",53.6,67.3,43,0,0,317,317,"Partially cloudy"
15132,3.61538461538462,"Carrara Stadium",69.4,72.84,60.4,0,0,20,20,"Partially cloudy"
15133,3.34615384615385,"Sydney Showground Stadium",58.7,49.2,39.7,0,0,8,8,"Partially cloudy"
15134,3.34545454545455,"Melbourne Cricket Ground",44.5,81.69,39.2,0,0,48,48,"Overcast"
15135,3.33928571428571,"Melbourne Cricket Ground",52,50.07,33.9,0,0,1,1,"Clear"
15136,3.41463414634146,"Docklands Stadium",51.9,54.64,36,0,0,360,360,"Partially cloudy"
15137,2.80487804878049,"Perth Stadium",87.4,10.29,24.9,0,0,0,0,"Overcast"
15138,2.83636363636364,"Adelaide Oval",52.3,61.87,39.6,0,0,33,33,"Clear"
15139,3.73015873015873,"Docklands Stadium",52.9,51.34,35.4,0,0,1,1,"Partially cloudy"
15140,3.47619047619048,"Melbourne Cricket Ground",52.9,52.84,36.1,0,0,2,2,"Partially cloudy"
15141,3.22,"Docklands Stadium",53.1,55.97,37.8,0,0,1,1,"Overcast"
15142,3.25,"Sydney Cricket Ground",57.8,43.39,35.6,0,0,3,3,"Clear"
15143,3.58536585365854,"Perth Stadium",77.3,65.18,64.7,0,0,250,250,"Clear"
15144,2.66666666666667,"Melbourne Cricket Ground",55.2,62.28,42.6,0,0,349,349,"Overcast"
15145,3.46,"Melbourne Cricket Ground",53.4,84.16,48.8,0.124,0.124,222,222,"Rain, Overcast"
15146,3.60377358490566,"The Gabba",72.1,32.32,40.9,0,0,320,320,"Partially cloudy"
15147,2.74468085106383,"Melbourne Cricket Ground",49.8,76.64,42.7,0,0,2,2,"Clear"
15148,2.97916666666667,"Docklands Stadium",61.9,39.47,36.9,0,0,352,352,"Clear"
15149,3.2962962962963,"Sydney Showground Stadium",68.7,21.38,27.6,0,0,326,326,"Clear"
15150,2.83333333333333,"Adelaide Oval",53.8,89.05,50.6,0,0,286,286,"Partially cloudy"
15151,3.30188679245283,"Docklands Stadium",58.5,53,41.4,0,0,1,1,"Clear"
15152,3.3125,"Carrara Stadium",61,81.46,55.3,0,0,100,100,"Clear"
15153,3.33846153846154,"Docklands Stadium",61.8,43.95,39.7,0,0,316,316,"Overcast"
15154,3.92307692307692,"Melbourne Cricket Ground",63.3,34.99,35.2,0.001,0.001,282,282,"Rain, Partially cloudy"
15155,3.30434782608696,"Perth Stadium",84,34.98,53.4,0,0,160,160,"Clear"
15156,3.05555555555556,"Kardinia Park",49.5,78.57,43.1,0,0,9,9,"Overcast"
15157,3.65116279069767,"Sydney Showground Stadium",67.7,26.72,32.3,0,0,319,319,"Clear"
15158,2.82142857142857,"Docklands Stadium",56.2,53.75,39.7,0,0,349,349,"Partially cloudy"
15159,3.25862068965517,"The Gabba",72.9,23.89,33.8,0,0,270,270,"Clear"
15160,2.81034482758621,"Docklands Stadium",52.1,66.65,41.4,0,0,8,8,"Partially cloudy"
15161,3.53488372093023,"Perth Stadium",78.6,19.9,34.1,0,0,230,230,"Overcast"
15162,3.59259259259259,"Docklands Stadium",47.1,87,43.4,0,0,313,313,"Partially cloudy"
15163,2.7962962962963,"Melbourne Cricket Ground",52.8,55.38,37.3,0.067,0.067,337,337,"Rain, Overcast"
15164,2.83606557377049,"Adelaide Oval",48.8,73.03,40.5,0,0,277,277,"Partially cloudy"
15165,3.01923076923077,"Docklands Stadium",55.7,63.04,43.3,0,0,350,350,"Partially cloudy"
15166,3.70833333333333,"Sydney Cricket Ground",64.5,36.14,37,0,0,290,290,"Overcast"
15167,3.13636363636364,"Kardinia Park",61.6,45.71,40.4,0,0,283,283,"Partially cloudy"
15168,3.85964912280702,"The Gabba",72.4,60.59,58,0,0,9,9,"Clear"
15169,3.41379310344828,"Docklands Stadium",54.6,85.69,50.4,0,0,254,254,"Partially cloudy"
15170,3.6734693877551,"Perth Stadium",82.2,42.25,57,0,0,260,260,"Clear"
15171,3.11538461538462,"Melbourne Cricket Ground",61.9,49.2,42.6,0,0,343,343,"Clear"
15172,4.25,"Melbourne Cricket Ground",63.3,47.41,42.9,0,0,359,359,"Overcast"
15173,3.26,"Adelaide Oval",67.2,32.52,36.7,0,0,329,329,"Clear"
15174,3.15686274509804,"Adelaide Oval",49.3,76.08,42.1,0,0,226,226,"Partially cloudy"
15175,3.25490196078431,"Docklands Stadium",50.7,66.17,39.8,0,0,189,189,"Partially cloudy"
15176,3.175,"Melbourne Cricket Ground",51.4,69.45,41.7,0,0,225,225,"Partially cloudy"
15177,3.11111111111111,"Sydney Showground Stadium",57.3,51.84,39.7,0,0,201,201,"Partially cloudy"
15178,3.73684210526316,"Docklands Stadium",48.6,62.46,36.4,0,0,181,181,"Overcast"
15179,3.13333333333333,"Carrara Stadium",59.2,19.65,17.7,0,0,240,240,"Clear"
15180,3.78,"Melbourne Cricket Ground",54.2,48.29,35,0,0,45,45,"Clear"
15181,3.61818181818182,"Docklands Stadium",55.2,48.33,36,0,0,0,0,"Rain, Partially cloudy"
15182,4.25,"Perth Stadium",83.8,51.29,64,0,0,260,260,"Partially cloudy"
15183,3.66,"Melbourne Cricket Ground",55.7,51.1,37.9,0,0,321,321,"Overcast"
15184,3.34615384615385,"Melbourne Cricket Ground",57.2,50.9,39.2,0,0,300,300,"Overcast"
15185,3.25396825396825,"The Gabba",69.9,45.44,47.9,0,0,124,124,"Clear"
15186,3.50909090909091,"Sydney Cricket Ground",64.1,47.96,44,0,0,53,53,"Clear"
15187,3.18,"Kardinia Park",56.1,55.72,40.5,0,0,341,341,"Overcast"
15188,3.55813953488372,"Adelaide Oval",49,83.93,44.4,0,0,3,3,"Partially cloudy"
15189,3.84,"Docklands Stadium",47.8,65.78,37,0,0,196,196,"Partially cloudy"
15190,3.94117647058824,"Melbourne Cricket Ground",49.9,54.25,34,0.013,0.013,190,190,"Rain, Partially cloudy"
15191,3.42857142857143,"Perth Stadium",96.9,9.58,30.3,0,0,40,40,"Partially cloudy"
15192,2.72340425531915,"Adelaide Oval",51.7,87.86,48.2,0,0,253,253,"Partially cloudy"
15193,2.46153846153846,"Kardinia Park",49.6,75.61,42.2,0,0,252,252,"Partially cloudy"
15194,3.59183673469388,"Sydney Cricket Ground",61.2,43.61,38.9,0,0,146,146,"Clear"
15195,2.75,"Adelaide Oval",47.8,76.47,40.7,0,0,156,156,"Clear"
15196,3.11627906976744,"Kardinia Park",55.1,78.1,48.4,0,0,318,318,"Partially cloudy"
15197,3.8695652173913,"Sydney Showground Stadium",57.1,65.83,45.8,0,0,182,182,"Partially cloudy"
15198,3.49152542372881,"Adelaide Oval",68.1,46.21,46.7,0,0,152,152,"Partially cloudy"
15199,2.81034482758621,"Melbourne Cricket Ground",84.6,26.68,46.6,0,0,322,322,"Clear"
15200,3.42553191489362,"Adelaide Oval",59.3,56.39,43.8,0,0,258,258,"Clear"
15201,3.33333333333333,"Melbourne Cricket Ground",76.9,35.27,47.4,0,0,132,132,"Clear"
15202,2.96774193548387,"Docklands Stadium",81.1,30.56,47.2,0,0,9,9,"Clear"
15203,3.62745098039216,"Docklands Stadium",68.6,86.1,64.3,0,0,0,0,"Rain, Overcast"
15204,3.57446808510638,"Adelaide Oval",84.3,39.77,57.2,0,0,280,280,"Overcast"
15205,3.40425531914894,"Melbourne Cricket Ground",70.9,73.39,62,0,0,14,14,"Partially cloudy"
15206,2.04545454545455,"Carrara Stadium",76.9,65.33,64.4,0,0,78,78,"Partially cloudy"
15207,3.14035087719298,"Sydney Showground Stadium",86.9,38.39,58.5,0,0,343,343,"Overcast"
15208,3.24137931034483,"Melbourne Cricket Ground",74.2,41.9,49.6,0,0,286,286,"Partially cloudy"
15209,3.92156862745098,"Perth Stadium",91.4,75.11,82.4,0,0,290,290,"Clear"
15210,3.58181818181818,"Adelaide Oval",65.7,61.51,52.1,0,0,210,210,"Partially cloudy"
15211,2.69387755102041,"Docklands Stadium",70.6,57.6,54.9,0,0,181,181,"Clear"
15212,3.375,"Docklands Stadium",67.1,53.38,49.6,0,0,279,279,"Partially cloudy"
15213,3.53061224489796,"Melbourne Cricket Ground",72.2,46.91,50.8,0,0,208,208,"Partially cloudy"
15214,2.98245614035088,"The Gabba",76.4,72.08,66.8,0,0,112,112,"Partially cloudy"
15215,3.59259259259259,"Perth Stadium",89.4,62.32,74.8,0,0,300,300,"Overcast"
15216,3.08474576271186,"Docklands Stadium",80.6,30.65,46.8,0,0,337,337,"Partially cloudy"
15217,3.07547169811321,"Sydney Cricket Ground",82.7,57.32,66.1,0,0,38,38,"Partially cloudy"
15218,3.75409836065574,"Kardinia Park",69.3,45.98,47.6,0,0,194,194,"Partially cloudy"
15219,3.82608695652174,"Docklands Stadium",63.5,62.43,50.5,0,0,170,170,"Overcast"
15220,3.35714285714286,"Adelaide Oval",82.1,26.04,43.9,0,0,303,303,"Clear"
15221,3.88679245283019,"Melbourne Cricket Ground",69.8,45.38,47.7,0,0,203,203,"Partially cloudy"
15222,2.74576271186441,"Carrara Stadium",78.9,57.2,62.5,0,0,120,120,"Partially cloudy"
15223,2.8,"Docklands Stadium",62.1,63.6,49.6,0,0,180,180,"Clear"
15224,3.47169811320755,"Sydney Cricket Ground",76.5,70.9,66.3,0,0,37,37,"Clear"
15225,3.40740740740741,"Melbourne Cricket Ground",81.8,25.88,43.4,0,0,359,359,"Clear"
15226,3.17543859649123,"Docklands Stadium",84.4,22.9,42.5,0,0,341,341,"Partially cloudy"
15227,3.24528301886792,"Perth Stadium",91,63.26,76.8,0,0,290,290,"Clear"
15228,3.70454545454545,"Adelaide Oval",59.1,79.19,52.7,0,0,261,261,"Partially cloudy"
15229,2.71739130434783,"Sydney Showground Stadium",85.9,30.6,51.4,0,0,319,319,"Overcast"
15230,3,"Melbourne Cricket Ground",51.8,81.4,46.3,0,0,342,342,"Partially cloudy"
15231,3,"Docklands Stadium",57.2,62.65,44.6,0,0,278,278,"Partially cloudy"
15232,3.46341463414634,"Docklands Stadium",55.3,62.81,42.9,0,0,308,308,"Partially cloudy"
15233,3.88,"Perth Stadium",92.4,53.44,73,0,0,160,160,"Clear"
15234,3.46296296296296,"Docklands Stadium",64.9,63.86,52.4,0,0,306,306,"Partially cloudy"
15235,3.40425531914894,"Melbourne Cricket Ground",62.2,80.29,56.1,0.066,0.066,303,303,"Rain, Overcast"
15236,2.9622641509434,"Kardinia Park",62.7,76.72,55.3,0,0,305,305,"Partially cloudy"
15237,3.16326530612245,"Sydney Cricket Ground",68.1,90.2,65.1,0,0,170,170,"Partially cloudy"
15238,2.74509803921569,"Docklands Stadium",69.5,48.92,49.4,0,0,9,9,"Clear"
15239,2.5,"Docklands Stadium",63.7,75.55,55.8,0,0,189,189,"Clear"
15240,2.93333333333333,"Adelaide Oval",66.9,65.84,55.1,0,0,130,130,"Clear"
15241,2.9811320754717,"Perth Stadium",85.3,76.93,77.3,0,0,289,289,"Clear"
15242,3.6304347826087,"Docklands Stadium",69.3,61.58,55.5,0,0,210,210,"Partially cloudy"
15243,2.82352941176471,"The Gabba",75.1,58.23,59.4,0,0,150,150,"Partially cloudy"
15244,3.01960784313725,"Melbourne Cricket Ground",67.5,71.2,57.9,0,0,14,14,"Partially cloudy"
15245,2.92156862745098,"Melbourne Cricket Ground",67.8,60.1,53.4,0,0,198,198,"Partially cloudy"
15246,2.78,"Docklands Stadium",59.2,71.06,49.9,0,0,160,160,"Overcast"
15247,3.02,"Kardinia Park",63.4,60.48,49.5,0,0,202,202,"Clear"
15248,3.5,"Docklands Stadium",62.1,64.48,50,0,0,208,208,"Clear"
15249,2.33333333333333,"Sydney Showground Stadium",64.8,74.66,56.6,0,0,186,186,"Partially cloudy"
15250,2.97872340425532,"Melbourne Cricket Ground",59.2,75.31,51.4,0,0,161,161,"Partially cloudy"
15251,3.36,"Adelaide Oval",58.3,64.53,46.4,0,0,149,149,"Partially cloudy"
15252,3.31481481481481,"Docklands Stadium",63.6,64.36,51.4,0,0,196,196,"Partially cloudy"
15253,3.08928571428571,"Melbourne Cricket Ground",63.3,63.98,50.9,0.001,0.001,187,187,"Rain, Partially cloudy"
15254,3.32,"Perth Stadium",95.3,17.43,44.2,0,0,150,150,"Clear"
15255,3.075,"Kardinia Park",57.5,55.72,41.8,0,0,299,299,"Partially cloudy"
15256,2.74074074074074,"Docklands Stadium",66.4,50.9,47.7,0,0,297,297,"Overcast"
15257,3.45454545454545,"Docklands Stadium",67,50.89,48.2,0,0,292,292,"Partially cloudy"
15258,3.61363636363636,"Perth Stadium",96.4,26.74,56.8,0,0,130,130,"Partially cloudy"
15259,2.44444444444444,"Sydney Cricket Ground",62.3,47.7,42.2,0,0,55,55,"Clear"
15260,3.67307692307692,"Adelaide Oval",58.6,79.05,52.2,0,0,2,2,"Clear"
15261,2.77551020408163,"Melbourne Cricket Ground",68.5,49.77,49,0,0,314,314,"Partially cloudy"
15262,3.10909090909091,"Docklands Stadium",68.9,45.39,46.9,0,0,332,332,"Partially cloudy"
15263,4.21818181818182,"The Gabba",73.2,56.06,56.6,0,0,120,120,"Partially cloudy"
15264,3.26666666666667,"Melbourne Cricket Ground",58.3,80.01,52.2,0,0,191,191,"Overcast"
15265,2.74509803921569,"Sydney Showground Stadium",62.1,59.95,48,0,0,251,251,"Partially cloudy"
15266,3.03703703703704,"Docklands Stadium",60.2,68.98,50,0,0,177,177,"Partially cloudy"
15267,3.20289855072464,"Carrara Stadium",70,28.71,36,0,0,270,270,"Clear"
15268,3.58823529411765,"Adelaide Oval",57.6,65.51,46.1,0,0,153,153,"Partially cloudy"
15269,3.33898305084746,"Docklands Stadium",58,86.66,54,0,0,174,174,"Overcast"
15270,3.04166666666667,"Perth Stadium",77.9,40.58,52.1,0,0,121,121,"Clear"
15271,3.21276595744681,"Docklands Stadium",60.5,65.98,49.1,0,0,198,198,"Partially cloudy"
15272,2.20833333333333,"Melbourne Cricket Ground",60.1,67.3,49.3,0,0,184,184,"Partially cloudy"
15273,2.21621621621622,"Adelaide Oval",55.3,88.34,51.9,0,0,117,117,"Partially cloudy"
15274,2.79545454545455,"Carrara Stadium",73.2,36.33,44.9,0,0,97,97,"Partially cloudy"
15275,3.10526315789474,"Docklands Stadium",58.4,54.12,41.9,0,0,304,304,"Overcast"
15276,2.89130434782609,"Docklands Stadium",57.8,59.53,43.7,0,0,242,242,"Overcast"
15277,3.23076923076923,"Docklands Stadium",55.7,62.5,43,0,0,308,308,"Partially cloudy"
15278,3.18,"Sydney Cricket Ground",58.7,73.75,50.3,0,0,82,82,"Partially cloudy"
15279,3.96153846153846,"Docklands Stadium",60.8,69.63,50.9,0,0,267,267,"Overcast"
15280,3.66666666666667,"The Gabba",76.7,28.41,41.5,0,0,313,313,"Clear"
15281,3.71428571428571,"Perth Stadium",83.8,14.37,30.2,0,0,100,100,"Clear"
15282,3.11111111111111,"Melbourne Cricket Ground",50.5,82.07,45.3,0,0,168,168,"Clear"
15283,3.39622641509434,"Melbourne Cricket Ground",65.9,52.58,48.1,0,0,22,22,"Clear"
15284,3.14285714285714,"The Gabba",62.8,85.27,58.3,0,0,167,167,"Partially cloudy"
15285,2.775,"Kardinia Park",58.6,64.62,46.7,0,0,353,353,"Clear"
15286,3.125,"Sydney Showground Stadium",61.9,75.57,54.1,0,0,17,17,"Clear"
15287,3.225,"Melbourne Cricket Ground",67.2,49.48,47.6,0,0,352,352,"Clear"
15288,4.08163265306122,"Melbourne Cricket Ground",68,49.91,48.6,0,0,2,2,"Overcast"
15289,2.76,"Perth Stadium",87.9,35.24,57,0,0,180,180,"Clear"
15290,3.21739130434783,"Sydney Cricket Ground",57,58.88,42.7,0,0,228,228,"Partially cloudy"
15291,2.98,"Docklands Stadium",53.7,76.83,46.6,0,0,204,204,"Clear"
15292,2.85365853658537,"Melbourne Cricket Ground",55.1,74.2,47,0,0,210,210,"Partially cloudy"
15293,2.76363636363636,"Carrara Stadium",71.7,24.81,33.8,0,0,251,251,"Clear"
15294,3.27659574468085,"Docklands Stadium",50.5,92.92,48.5,0,0,221,221,"Clear"
15295,4.34883720930233,"Perth Stadium",75.9,30.18,42.4,0,0,119,119,"Clear"
15296,3.65,"Docklands Stadium",53.4,75.17,45.8,0,0,37,37,"Clear"
15297,4.30612244897959,"Melbourne Cricket Ground",55.1,73.75,46.9,0,0,210,210,"Partially cloudy"
15298,3.03448275862069,"Adelaide Oval",59,77.56,52,0,0,237,237,"Partially cloudy"
15299,2.64583333333333,"Adelaide Oval",54.9,87.97,51.4,0,0,348,348,"Partially cloudy"
15300,3.30434782608696,"Kardinia Park",58.4,71.61,49.3,0,0,201,201,"Partially cloudy"
15301,3.29787234042553,"Sydney Showground Stadium",60.1,82.29,54.7,0,0,284,284,"Partially cloudy"
15302,3,"Docklands Stadium",50.1,97,49.3,0,0,190,190,"Clear"
15303,2.84,"The Gabba",69.4,65.9,57.5,0,0,102,102,"Partially cloudy"
15304,2.89130434782609,"Perth Stadium",84.3,58.72,68.3,0,0,240,240,"Partially cloudy"
15305,3.82758620689655,"Melbourne Cricket Ground",62.4,51.11,44.1,0,0,21,21,"Partially cloudy"
15306,3.57894736842105,"Adelaide Oval",54.1,67.21,43.5,0,0,256,256,"Partially cloudy"
15307,2.61702127659574,"Sydney Cricket Ground",58.7,47.68,38.9,0,0,311,311,"Clear"
15308,3.15217391304348,"Docklands Stadium",54.1,53.72,37.7,0,0,317,317,"Partially cloudy"
15309,3.125,"Carrara Stadium",66.1,50.79,47.4,0,0,18,18,"Clear"
15310,2.40425531914894,"Melbourne Cricket Ground",48.7,69.32,39.1,0,0,296,296,"Overcast"
15311,3.17777777777778,"Kardinia Park",53.7,87.79,50.2,0.28,0.28,192,192,"Rain, Overcast"
15312,2.64583333333333,"Perth Stadium",72.9,58.52,57.5,0,0,218,218,"Clear"
15313,2.91489361702128,"Adelaide Oval",46.5,62.82,34.6,0,0,38,38,"Clear"
15314,2.3448275862069,"Melbourne Cricket Ground",53.3,70.54,44,0,0,12,12,"Overcast"
15315,3.36363636363636,"The Gabba",66.8,54.25,49.7,0,0,66,66,"Partially cloudy"
15316,3.61904761904762,"Docklands Stadium",51.7,93.07,49.7,0,0,244,244,"Overcast"
15317,3.47368421052632,"Melbourne Cricket Ground",54,62,41.3,0,0,227,227,"Overcast"
15318,3.65116279069767,"Melbourne Cricket Ground",47,97.72,46.4,0,0,183,183,"Overcast"
15319,3.67272727272727,"Docklands Stadium",52.8,69.57,43.1,0,0,1,1,"Clear"
15320,2.90740740740741,"Docklands Stadium",55.9,60.76,42.5,0,0,259,259,"Partially cloudy"
15321,3.15686274509804,"Adelaide Oval",52.8,60.04,39.3,0,0,248,248,"Partially cloudy"
15322,3.16326530612245,"Carrara Stadium",63.8,85.53,59.4,0,0,342,342,"Overcast"
15323,3.36538461538462,"Sydney Showground Stadium",58.3,42.91,35.9,0,0,300,300,"Clear"
15324,3.96610169491525,"Melbourne Cricket Ground",56.6,56.3,41.2,0,0,291,291,"Partially cloudy"
15325,3.53846153846154,"Docklands Stadium",54.9,61.71,42,0,0,261,261,"Partially cloudy"
15326,3.35185185185185,"Perth Stadium",89.7,23.67,47.8,0,0,90,90,"Overcast"
15327,2.36538461538462,"Sydney Cricket Ground",67.4,65.88,55.6,0,0,29,29,"Partially cloudy"
15328,3.1,"Melbourne Cricket Ground",53.9,51.17,36.3,0,0,350,350,"Overcast"
15329,3.40816326530612,"The Gabba",71.4,82.71,65.9,0,0,9,9,"Partially cloudy"
15330,3.02272727272727,"Adelaide Oval",52.5,71.54,43.6,0,0,243,243,"Clear"
15331,3.91304347826087,"Docklands Stadium",50,67.21,39.5,0,0,269,269,"Partially cloudy"
15332,2.73584905660377,"Melbourne Cricket Ground",50,67.21,39.5,0,0,269,269,"Partially cloudy"
15333,2.96078431372549,"Docklands Stadium",55.8,68.5,45.6,0,0,239,239,"Partially cloudy"
15334,3.53846153846154,"Docklands Stadium",56.1,71.76,47.1,0,0,0,0,"Rain, Overcast"
15335,3.07843137254902,"Perth Stadium",87.4,19.91,41.3,0,0,120,120,"Clear"
15336,3.36666666666667,"Adelaide Oval",46.2,87.82,42.8,0,0,132,132,"Partially cloudy"
15337,3,"Docklands Stadium",46.9,76.76,40,0,0,294,294,"Clear"
15338,3.24489795918367,"Melbourne Cricket Ground",57.9,42.7,35.3,0,0,352,352,"Clear"
15339,3.71428571428571,"Melbourne Cricket Ground",57.5,45.01,36.3,0,0,351,351,"Partially cloudy"
15340,2.42372881355932,"Carrara Stadium",53.2,73.14,44.8,0,0,40,40,"Clear"
15341,2.45,"Sydney Showground Stadium",53.4,69.13,43.5,0,0,207,207,"Clear"
15342,3.05555555555556,"Melbourne Cricket Ground",55.4,43.83,33.8,0,0,360,360,"Clear"
15343,4.06122448979592,"Docklands Stadium",56.1,45.83,35.5,0,0,353,353,"Partially cloudy"
15344,2.1875,"Perth Stadium",82.7,10.12,20.8,0,0,170,170,"Clear"
15345,2.92727272727273,"Docklands Stadium",49.7,75.61,42.3,0,0,309,309,"Overcast"
15346,3.70588235294118,"Melbourne Cricket Ground",54.9,47.44,35.3,0,0,312,312,"Partially cloudy"
15347,2.48333333333333,"Sydney Cricket Ground",64.1,23.78,26.4,0,0,210,210,"Clear"
15348,3.26,"Docklands Stadium",54.6,49.54,36.1,0,0,346,346,"Overcast"
15349,3.25454545454545,"The Gabba",55.8,74.82,48,0,0,90,90,"Clear"
15350,3.60377358490566,"Kardinia Park",50.8,66.25,39.9,0,0,351,351,"Partially cloudy"
15351,2.85245901639344,"Docklands Stadium",57.3,47.17,37.3,0,0,359,359,"Clear"
15352,2.91666666666667,"Perth Stadium",84.2,30.66,50,0,0,270,270,"Clear"
15353,2.71428571428571,"Adelaide Oval",59,38.99,34.1,0,0,12,12,"Clear"
15354,3.46938775510204,"Docklands Stadium",56.7,68.01,46.3,0,0,359,359,"Partially cloudy"
15355,3.8695652173913,"Melbourne Cricket Ground",63.9,50.81,45.4,0,0,1,1,"Overcast"
15356,3.7843137254902,"Kardinia Park",64.2,48.67,44.5,0,0,7,7,"Partially cloudy"
15357,3.12765957446809,"Sydney Showground Stadium",66.8,38.48,40.7,0,0,38,38,"Overcast"
15358,2.47916666666667,"Carrara Stadium",62.9,93.25,60.9,0,0,12,12,"Partially cloudy"
15359,3,"Adelaide Oval",50.6,95.23,49.3,0,0,347,347,"Partially cloudy"
15360,2.92682926829268,"Docklands Stadium",56.4,47.45,36.7,0,0,309,309,"Partially cloudy"
15361,2.70731707317073,"Docklands Stadium",53.1,59.28,39.2,0,0,0,0,"Rain, Overcast"
15362,3.375,"Perth Stadium",84.3,20.33,39.3,0,0,80,80,"Clear"
15363,2.98181818181818,"Melbourne Cricket Ground",51.3,84.71,46.8,0,0,346,346,"Overcast"
15364,3.63157894736842,"Melbourne Cricket Ground",54.7,66.32,43.6,0,0,360,360,"Clear"
15365,3.60344827586207,"The Gabba",73.6,55.66,56.8,0,0,17,17,"Partially cloudy"
15366,3.2962962962963,"Adelaide Oval",59.4,45.05,38,0,0,347,347,"Partially cloudy"
15367,3.06521739130435,"Sydney Cricket Ground",56.4,39.5,32.1,0,0,4,4,"Clear"
15368,3.05555555555556,"Docklands Stadium",57,59.48,43,0,0,359,359,"Clear"
15369,3.50909090909091,"Docklands Stadium",61.8,41.4,38.1,0,0,1,1,"Clear"
15370,3.46296296296296,"Melbourne Cricket Ground",62.6,37.61,36.3,0,0,1,1,"Clear"
15371,3.68852459016393,"Perth Stadium",82.2,13.31,27,0,0,190,190,"Clear"
15372,3.20967741935484,"Docklands Stadium",63.4,34.12,34.6,0,0,360,360,"Clear"
15373,2.52,"Melbourne Cricket Ground",52.3,68.63,42.3,0,0,278,278,"Partially cloudy"
15374,3.48,"Carrara Stadium",71.8,45.8,49.8,0,0,39,39,"Clear"
15375,2.74418604651163,"Adelaide Oval",48.5,69.87,39.2,0,0,230,230,"Partially cloudy"
15376,3.49090909090909,"Sydney Showground Stadium",72.2,21.6,30.8,0,0,332,332,"Partially cloudy"
15377,3.24528301886792,"Melbourne Cricket Ground",46.6,86.23,42.7,0,0,264,264,"Partially cloudy"
15378,3.35294117647059,"Docklands Stadium",55.3,48.41,36.2,0,0,287,287,"Partially cloudy"
15379,2.92727272727273,"Melbourne Cricket Ground",57.2,47.12,37.2,0,0,284,284,"Overcast"
15380,3.32,"Perth Stadium",78.6,14.97,27,0,0,120,120,"Clear"
15381,3.37777777777778,"Melbourne Cricket Ground",55.1,49.65,36.7,0,0,360,360,"Partially cloudy"
15382,3.70212765957447,"Melbourne Cricket Ground",55.5,49.01,36.6,0,0,264,264,"Partially cloudy"
15383,3.33333333333333,"Kardinia Park",53,58.12,38.6,0,0,284,284,"Partially cloudy"
15384,2.64705882352941,"Sydney Showground Stadium",61.2,40.2,36.8,0,0,272,272,"Partially cloudy"
15385,3.16326530612245,"Docklands Stadium",46.4,73.22,38.3,0,0,286,286,"Partially cloudy"
15386,2.66071428571429,"Carrara Stadium",64.7,68.82,54.2,0,0,338,338,"Clear"
15387,2.73170731707317,"Docklands Stadium",51.4,64.81,39.9,0,0,192,192,"Overcast"
15388,3.75,"Perth Stadium",93.2,6.82,19.4,0,0,60,60,"Clear"
15389,3.18,"Adelaide Oval",51.6,54.74,35.9,0,0,203,203,"Partially cloudy"
15390,3.47368421052632,"Adelaide Oval",54.4,56.33,39.2,0,0,147,147,"Clear"
15391,3.41509433962264,"Kardinia Park",58.4,52.68,41.2,0,0,215,215,"Clear"
15392,3.66666666666667,"Melbourne Cricket Ground",58.3,52.37,41,0,0,193,193,"Partially cloudy"
15393,2.69230769230769,"Perth Stadium",85.8,7.31,15.6,0,0,180,180,"Partially cloudy"
15394,3.8448275862069,"Docklands Stadium",49.8,64.08,38.1,0,0,177,177,"Clear"
15395,2.98076923076923,"Sydney Cricket Ground",60.2,67.61,49.4,0,0,277,277,"Partially cloudy"
15396,3.38775510204082,"The Gabba",63,90.5,60.2,0,0,355,355,"Overcast"
15397,3.32608695652174,"Melbourne Cricket Ground",56.9,56.39,41.5,0,0,233,233,"Partially cloudy"
15398,3.33870967741935,"Docklands Stadium",57.2,57.84,42.5,0,0,259,259,"Partially cloudy"
15399,3.26086956521739,"Melbourne Cricket Ground",56.7,82.26,51.4,0,0,221,221,"Overcast"
15400,2.53333333333333,"Melbourne Cricket Ground",52.1,65.12,40.7,0,0,198,198,"Clear"
15401,2.44186046511628,"Sydney Cricket Ground",58,82.13,52.6,0,0,204,204,"Partially cloudy"
15402,3.04081632653061,"Perth Stadium",80.1,45.59,57.2,0,0,218,218,"Clear"
15403,3.55102040816327,"Melbourne Cricket Ground",67.2,33.64,37.6,0,0,10,10,"Clear"
15404,2.45098039215686,"Melbourne Cricket Ground",44.4,73.83,36.6,0,0,269,269,"Partially cloudy"
15405,3.725,"Melbourne Cricket Ground",57.2,64.04,45.2,0,0,152,152,"Overcast"
15406,2.91525423728814,"Perth Stadium",89.6,19.67,42.8,0,0,90,90,"Clear"
15407,3.17021276595745,"Perth Stadium",85.8,48.9,64.4,0,0,280,280,"Clear"
15408,3.1,"Docklands Stadium",72.1,79.85,65.6,0,0,217,217,"Partially cloudy"
15409,2.56862745098039,"Melbourne Cricket Ground",76.6,65.49,64.2,0,0,127,127,"Clear"
15410,2.73584905660377,"Melbourne Cricket Ground",79.6,49.71,59.2,0,0,15,15,"Clear"
15411,2.83333333333333,"Adelaide Oval",71.9,64.08,59.1,0,0,240,240,"Overcast"
15412,2.4406779661017,"Docklands Stadium",69.6,75.8,61.6,0,0,200,200,"Overcast"
15413,3.18367346938776,"The Gabba",79,83.45,73.5,0,0,11,11,"Clear"
15414,3.58695652173913,"Docklands Stadium",82,39.71,55.1,0,0,1,1,"Partially cloudy"
15415,2.74545454545455,"Sydney Showground Stadium",83.2,52.43,64,0,0,145,145,"Partially cloudy"
15416,3.25423728813559,"Perth Stadium",89.6,62.34,75,0,0,337,337,"Overcast"
15417,3.55102040816327,"Melbourne Cricket Ground",78.8,23.62,38.5,0,0,350,350,"Partially cloudy"
15418,2.78846153846154,"Sydney Cricket Ground",75.5,72.21,65.9,0,0,34,34,"Overcast"
15419,3.54545454545455,"Adelaide Oval",60.9,57.94,46,0,0,240,240,"Partially cloudy"
15420,2.50909090909091,"Docklands Stadium",58.6,49.53,39.8,0,0,255,255,"Partially cloudy"
15421,3.42,"Kardinia Park",53.1,63.11,40.9,0,0,274,274,"Partially cloudy"
15422,3.32608695652174,"Perth Stadium",100.2,18.49,49.8,0,0,40,40,"Overcast"
15423,3.76470588235294,"Docklands Stadium",63.5,64.06,51.1,0,0,267,267,"Partially cloudy"
15424,3.41818181818182,"Melbourne Cricket Ground",61.7,82.02,56.1,0.002,0.002,193,193,"Rain, Partially cloudy"
15425,2.24,"Carrara Stadium",80.1,22.38,38.3,0.001,0.001,287,287,"Rain"
15426,2.91379310344828,"Adelaide Oval",78.8,24.03,39,0,0,0,0,"Partially cloudy"
15427,4.13793103448276,"Melbourne Cricket Ground",80.5,34.54,50,0,0,13,13,"Overcast"
15428,3.30612244897959,"Docklands Stadium",65.3,56.93,49.6,0,0,191,191,"Partially cloudy"
15429,3.36842105263158,"Sydney Showground Stadium",79.3,59.65,64.1,0,0,14,14,"Clear"
15430,3.33333333333333,"Melbourne Cricket Ground",62.8,66.2,51.3,0,0,193,193,"Partially cloudy"
15431,3.42857142857143,"The Gabba",74.3,64.2,61.4,0,0,70,70,"Clear"
15432,2.8936170212766,"Docklands Stadium",77.9,31.16,45,0,0,348,348,"Partially cloudy"
15433,3.07843137254902,"Melbourne Cricket Ground",78.9,29.35,44.3,0,0,340,340,"Overcast"
15434,3,"Perth Stadium",96.7,44.99,71.9,0,0,68,68,"Overcast"
15435,3.22641509433962,"Sydney Cricket Ground",64.2,66.93,53,0,0,147,147,"Partially cloudy"
15436,2.69230769230769,"Melbourne Cricket Ground",62.9,61.73,49.6,0,0,231,231,"Clear"
15437,3.12765957446809,"Kardinia Park",67.1,47.43,46.4,0,0,185,185,"Partially cloudy"
15438,3.32692307692308,"Docklands Stadium",68.2,49.17,48.4,0,0,197,197,"Clear"
15439,3.54716981132075,"Adelaide Oval",68.9,27.15,33.7,0,0,95,95,"Overcast"
15440,2.35185185185185,"Docklands Stadium",62.6,80.67,56.6,0,0,178,178,"Clear"
15441,2.8780487804878,"Perth Stadium",85.6,67.72,73.7,0,0,260,260,"Partially cloudy"
15442,3.08108108108108,"Carrara Stadium",77.1,57.04,60.7,0,0,109,109,"Partially cloudy"
15443,3.06666666666667,"Docklands Stadium",71.8,47.17,50.6,0,0,196,196,"Clear"
15444,2.88524590163934,"The Gabba",72.9,70.44,62.7,0,0,150,150,"Partially cloudy"
15445,2.91379310344828,"Docklands Stadium",69.8,47.19,48.7,0,0,228,228,"Clear"
15446,3.02127659574468,"Perth Stadium",84.4,82.45,78.4,0,0,319,319,"Partially cloudy"
15447,3.10169491525424,"Sydney Showground Stadium",75.2,71.07,65.2,0,0,139,139,"Partially cloudy"
15448,3.22222222222222,"Melbourne Cricket Ground",85.5,23.46,44,0,0,20,20,"Clear"
15449,3.04,"Melbourne Cricket Ground",73,36.47,44.8,0,0,9,9,"Clear"
15450,2.76785714285714,"Docklands Stadium",77.3,40.07,51.2,0,0,360,360,"Clear"
15451,3.24,"Adelaide Oval",62.1,56.55,46.5,0,0,222,222,"Overcast"
15452,3.3,"Melbourne Cricket Ground",62.7,60.5,48.8,0,0,182,182,"Overcast"
15453,2.92857142857143,"Melbourne Cricket Ground",59.8,82.99,54.6,0,0,209,209,"Clear"
15454,2.60377358490566,"Docklands Stadium",69.9,41.3,45.4,0,0,246,246,"Partially cloudy"
15455,2.87272727272727,"Adelaide Oval",55.2,54.25,39,0,0,183,183,"Partially cloudy"
15456,3.16666666666667,"Carrara Stadium",78.4,58.67,62.7,0,0,118,118,"Partially cloudy"
15457,3.48936170212766,"Docklands Stadium",59.2,52.23,41.7,0,0,269,269,"Overcast"
15458,3.76923076923077,"Sydney Cricket Ground",62,58.33,47.2,0,0,56,56,"Clear"
15459,3.06,"Perth Stadium",83.6,43.79,59.3,0,0,217,217,"Clear"
15460,3.05263157894737,"Melbourne Cricket Ground",61.8,63.07,49.1,0.005,0.005,220,220,"Rain, Overcast"
15461,3.26666666666667,"Kardinia Park",61.5,59.65,47.4,0,0,212,212,"Overcast"
15462,3,"Melbourne Cricket Ground",62.5,47.18,42.1,0,0,348,348,"Clear"
15463,3.26666666666667,"Melbourne Cricket Ground",57.9,76.33,50.5,0,0,193,193,"Overcast"
15464,3.45283018867925,"Sydney Showground Stadium",69.3,46.68,48.1,0,0,213,213,"Partially cloudy"
15465,3.14285714285714,"The Gabba",68,82.1,62.4,0,0,282,282,"Partially cloudy"
15466,3.10416666666667,"Docklands Stadium",57.5,72.91,48.9,0,0,193,193,"Overcast"
15467,3.19047619047619,"Perth Stadium",88.5,34.88,57.3,0,0,161,161,"Overcast"
15468,3.46153846153846,"Docklands Stadium",60.2,76.36,52.8,0,0,216,216,"Overcast"
15469,2.93478260869565,"Kardinia Park",60.1,70.54,50.5,0.006,0.006,196,196,"Rain, Partially cloudy"
15470,2.67741935483871,"Adelaide Oval",60,52.07,42.4,0,0,171,171,"Clear"
15471,2.93877551020408,"Sydney Cricket Ground",58.3,45.88,37.6,0,0,300,300,"Clear"
15472,3.31578947368421,"Docklands Stadium",59.6,68.26,49.1,0,0,233,233,"Overcast"
15473,2.91071428571429,"Docklands Stadium",59.6,68.26,49.1,0,0,233,233,"Overcast"
15474,2.78571428571429,"Carrara Stadium",70,26.78,34.3,0,0,260,260,"Clear"
15475,2.85454545454545,"Docklands Stadium",58.5,74.52,50.4,0,0,251,251,"Overcast"
15476,2.71428571428571,"Adelaide Oval",56.2,77.38,49.2,0,0,265,265,"Partially cloudy"
15477,3.42307692307692,"Docklands Stadium",61.8,62.4,48.8,0,0,350,350,"Overcast"
15478,2.73684210526316,"Melbourne Cricket Ground",62.6,56.47,46.9,0,0,271,271,"Overcast"
15479,3.52727272727273,"Perth Stadium",84.8,10.28,22.8,0,0,159,159,"Clear"
15480,3,"Perth Stadium",78.5,66.67,66.5,0,0,236,236,"Partially cloudy"
15481,3.41509433962264,"Melbourne Cricket Ground",68.7,47.44,47.9,0,0,65,65,"Clear"
15482,3.29090909090909,"The Gabba",68.3,72.15,59,0,0,70,70,"Partially cloudy"
15483,4,"Kardinia Park",68.2,52.14,50,0,0,235,235,"Clear"
15484,2.39130434782609,"Docklands Stadium",59.1,65.43,47.5,0,0,134,134,"Clear"
15485,3.1304347826087,"Docklands Stadium",59.1,65.43,47.5,0,0,134,134,"Clear"
15486,2.93617021276596,"Adelaide Oval",70.1,56.04,53.7,0,0,330,330,"Partially cloudy"
15487,3.10416666666667,"Melbourne Cricket Ground",68.9,43.01,45.5,0,0,7,7,"Clear"
15488,3.41509433962264,"Sydney Showground Stadium",69.7,55.96,53.3,0,0,80,80,"Partially cloudy"
15489,2.96,"Sydney Cricket Ground",67.6,52.6,49.7,0,0,331,331,"Overcast"
15490,2.64583333333333,"Melbourne Cricket Ground",66.2,49.16,46.6,0,0,336,336,"Clear"
15491,3.74074074074074,"Docklands Stadium",65.2,50.73,46.5,0,0,333,333,"Partially cloudy"
15492,3.25,"Adelaide Oval",56.6,81.24,51,0,0,252,252,"Partially cloudy"
15493,2.51063829787234,"Melbourne Cricket Ground",56.7,83.85,51.9,0,0,335,335,"Overcast"
15494,3.02,"Carrara Stadium",64.9,92.43,62.6,0,0,1,1,"Clear"
15495,3.26530612244898,"Melbourne Cricket Ground",57.4,50.3,39.1,0,0,355,355,"Clear"
15496,2.68181818181818,"Docklands Stadium",58,54.69,41.8,0,0,341,341,"Overcast"
15497,2.8,"Perth Stadium",93.3,17.21,42.4,0,0,75,75,"Clear"
15498,3.29166666666667,"Docklands Stadium",53.6,95.18,52.3,0,0,191,191,"Overcast"
15499,2.98039215686275,"Melbourne Cricket Ground",57.4,71.28,48.2,0,0,189,189,"Overcast"
15500,3.32,"Sydney Showground Stadium",62.9,66.99,51.8,0,0,198,198,"Partially cloudy"
15501,2.93877551020408,"Kardinia Park",56.4,65.06,44.8,0,0,195,195,"Overcast"
15502,3.28888888888889,"The Gabba",64.8,72.26,55.6,0,0,169,169,"Partially cloudy"
15503,3.05357142857143,"Melbourne Cricket Ground",55.6,75.98,48.1,0,0,188,188,"Overcast"
15504,3.28571428571429,"Docklands Stadium",55.5,65.11,44,0,0,309,309,"Partially cloudy"
15505,2.5,"Docklands Stadium",56.5,67.52,45.9,0,0,298,298,"Partially cloudy"
15506,3.60714285714286,"Perth Stadium",82.5,17.09,33.4,0,0,116,116,"Clear"
15507,3.11363636363636,"Melbourne Cricket Ground",49.4,91.79,47.1,0,0,210,210,"Clear"
15508,3.02272727272727,"Docklands Stadium",63.2,52.16,45.3,0,0,352,352,"Clear"
15509,3.40816326530612,"Carrara Stadium",61.9,89.25,58.7,0,0,230,230,"Partially cloudy"
15510,3.25,"Adelaide Oval",53.5,58.67,39.4,0,0,33,33,"Clear"
15511,3.71428571428571,"Sydney Cricket Ground",71.4,41.7,46.9,0,0,347,347,"Partially cloudy"
15512,2.64912280701754,"Melbourne Cricket Ground",63.6,45.86,42.4,0.002,0.002,302,302,"Rain, Partially cloudy"
15513,3.13461538461538,"Adelaide Oval",54.1,91.69,51.7,0,0,314,314,"Overcast"
15514,2.86440677966102,"Docklands Stadium",54.9,85.82,50.7,0,0,263,263,"Partially cloudy"
15515,2.96078431372549,"Carrara Stadium",74,66.17,62,0,0,60,60,"Partially cloudy"
15516,3.82608695652174,"Perth Stadium",87.9,12.53,30,0,0,160,160,"Overcast"
15517,3.29508196721311,"Docklands Stadium",52,91.19,49.5,0,0,17,17,"Partially cloudy"
15518,4.18918918918919,"Docklands Stadium",58.4,66.35,47.2,0,0,277,277,"Partially cloudy"
15519,2.73015873015873,"Perth Stadium",78.6,51.19,59.1,0,0,223,223,"Partially cloudy"
15520,3.46341463414634,"Sydney Cricket Ground",54.3,54.95,38.5,0,0,214,214,"Partially cloudy"
15521,3.5,"Melbourne Cricket Ground",51.2,82.55,46.1,0,0,219,219,"Overcast"
15522,3.10909090909091,"Docklands Stadium",51.9,77.35,45,0,0,186,186,"Overcast"
15523,2.85365853658537,"Adelaide Oval",43.5,76.64,36.6,0,0,122,122,"Clear"
15524,3.53488372093023,"Docklands Stadium",48,84.6,43.6,0,0,102,102,"Partially cloudy"
15525,2.97916666666667,"Docklands Stadium",55.6,63.11,43.2,0,0,10,10,"Clear"
15526,3.3125,"Kardinia Park",60.6,64.68,48.6,0,0,27,27,"Clear"
15527,2.78,"Melbourne Cricket Ground",57.9,81.76,52.3,0,0,10,10,"Overcast"
15528,3.06521739130435,"Sydney Cricket Ground",66.1,59.81,51.7,0,0,15,15,"Partially cloudy"
15529,2.53488372093023,"Melbourne Cricket Ground",51.3,75.33,43.8,0,0,7,7,"Partially cloudy"
15530,2.65,"Adelaide Oval",47.9,88.73,44.7,0,0,279,279,"Partially cloudy"
15531,3.44897959183673,"Docklands Stadium",56.4,53.15,39.6,0,0,347,347,"Partially cloudy"
15532,3.30188679245283,"The Gabba",74.7,45.23,52.1,0,0,317,317,"Clear"
15533,3.10416666666667,"Perth Stadium",91.7,13.73,35.2,0,0,360,360,"Clear"
15534,2.83720930232558,"Melbourne Cricket Ground",52.3,82.21,47.1,0,0,63,63,"Clear"
15535,2.74509803921569,"Docklands Stadium",65.5,50.94,46.8,0,0,26,26,"Clear"
15536,4.25,"Carrara Stadium",62.8,93.1,60.8,0,0,110,110,"Partially cloudy"
15537,2.82,"Adelaide Oval",65.1,51.44,46.8,0,0,39,39,"Partially cloudy"
15538,2.58333333333333,"Docklands Stadium",53.1,77.79,46.4,0,0,26,26,"Clear"
15539,2.82352941176471,"Perth Stadium",75,74.35,66.3,0,0,250,250,"Clear"
15540,3.63636363636364,"Docklands Stadium",62.1,57.91,47.1,0,0,353,353,"Overcast"
15541,3.5,"Docklands Stadium",62.3,61.25,48.8,0,0,356,356,"Overcast"
15542,3.09433962264151,"Sydney Showground Stadium",64.6,58.96,49.9,0,0,36,36,"Partially cloudy"
15543,3.23913043478261,"Perth Stadium",76.9,31.88,44.7,0,0,203,203,"Clear"
15544,2.43137254901961,"Sydney Cricket Ground",58.7,26.43,24.3,0,0,280,280,"Clear"
15545,3.24390243902439,"Melbourne Cricket Ground",51.2,57.41,36.7,0,0,251,251,"Partially cloudy"
15546,2.82456140350877,"Docklands Stadium",47.4,78.46,41.1,0,0,265,265,"Partially cloudy"
15547,3.30645161290323,"Carrara Stadium",65.9,30.55,34.1,0,0,260,260,"Overcast"
15548,2.87234042553191,"Kardinia Park",47.1,69.51,37.7,0,0,279,279,"Partially cloudy"
15549,2.83636363636364,"Melbourne Cricket Ground",53.7,69.21,43.8,0,0,306,306,"Overcast"
15550,2.43636363636364,"Docklands Stadium",54.1,73.62,45.9,0,0,0,0,"Rain, Overcast"
15551,2.875,"Adelaide Oval",51.5,89.3,48.5,0,0,261,261,"Partially cloudy"
15552,3.60869565217391,"Adelaide Oval",51.5,70.9,42.4,0,0,26,26,"Clear"
15553,3.65909090909091,"Melbourne Cricket Ground",61,54.31,44.4,0,0,351,351,"Clear"
15554,3.20754716981132,"Docklands Stadium",60.9,54.4,44.3,0,0,1,1,"Partially cloudy"
15555,3.3448275862069,"Sydney Showground Stadium",66.1,47.41,45.5,0,0,33,33,"Clear"
15556,3.18,"The Gabba",60.3,68.18,49.8,0,0,138,138,"Partially cloudy"
15557,2.68421052631579,"Perth Stadium",69.8,98.88,69.4,0,0,268,268,"Overcast"
15558,3.02127659574468,"Kardinia Park",57,56.48,41.7,0,0,358,358,"Partially cloudy"
15559,3.38775510204082,"Melbourne Cricket Ground",58.3,54.17,41.9,0,0,352,352,"Partially cloudy"
15560,3.60714285714286,"Docklands Stadium",59.8,52.88,42.6,0,0,349,349,"Clear"
15561,2.92592592592593,"Melbourne Cricket Ground",52.6,97,51.8,0,0,350,350,"Overcast"
15562,2.75,"Melbourne Cricket Ground",58.5,53.1,41.5,0,0,319,319,"Partially cloudy"
15563,3.66666666666667,"Docklands Stadium",58.7,53.99,42.1,0,0,272,272,"Partially cloudy"
15564,3.15254237288136,"Perth Stadium",85.6,28.97,49.6,0,0,270,270,"Clear"
15565,3.51923076923077,"Docklands Stadium",53.1,67.25,42.5,0,0,224,224,"Partially cloudy"
15566,2.7,"Adelaide Oval",47.4,76.48,40.4,0,0,90,90,"Partially cloudy"
15567,2.98305084745763,"Docklands Stadium",57.1,51.5,39.4,0,0,224,224,"Partially cloudy"
15568,3.20689655172414,"Sydney Cricket Ground",65.7,43.28,42.8,0,0,145,145,"Clear"
15569,3.73584905660377,"Carrara Stadium",68.4,62.37,55,0,0,119,119,"Partially cloudy"
15570,3.02083333333333,"Docklands Stadium",54.4,61.6,41.5,0,0,242,242,"Overcast"
15571,3.22033898305085,"Docklands Stadium",54.9,74.25,46.9,0,0,226,226,"Partially cloudy"
15572,3.5,"Sydney Showground Stadium",69.8,25.59,33,0,0,280,280,"Clear"
15573,3.3695652173913,"Perth Stadium",80.4,8.63,15.4,0,0,130,130,"Partially cloudy"
15574,3.04081632653061,"Melbourne Cricket Ground",54.2,74.77,46.4,0,0,268,268,"Overcast"
15575,3.29166666666667,"Adelaide Oval",50.7,80.73,45,0,0,158,158,"Overcast"
15576,3.69565217391304,"Melbourne Cricket Ground",54,63.04,41.7,0,0,160,160,"Overcast"
15577,3.4,"Docklands Stadium",55.1,60.54,41.7,0,0,0,0,"Rain, Overcast"
15578,3.22641509433962,"The Gabba",68,50.81,49.1,0,0,59,59,"Clear"
15579,3.33333333333333,"Sydney Showground Stadium",55.3,37.75,30,0,0,299,299,"Clear"
15580,2.95,"Melbourne Cricket Ground",51.8,71.83,43,0,0,230,230,"Overcast"
15581,3,"Adelaide Oval",51.2,61.98,38.6,0,0,249,249,"Clear"
15582,3.9,"The Gabba",70.2,22.63,30.3,0,0,290,290,"Partially cloudy"
15583,3.17647058823529,"Docklands Stadium",47.1,76.86,40.2,0,0,308,308,"Partially cloudy"
15584,2.10810810810811,"Kardinia Park",47.1,76.86,40.2,0,0,308,308,"Partially cloudy"
15585,2.87234042553191,"Docklands Stadium",54,69.55,44.3,0,0,189,189,"Partially cloudy"
15586,2.94871794871795,"Melbourne Cricket Ground",52.5,85.29,48.2,0.006,0.006,108,108,"Rain, Partially cloudy"
15587,3.375,"Perth Stadium",91.9,12.12,32.3,0,0,299,299,"Overcast"
15588,3.23809523809524,"Melbourne Cricket Ground",50.9,85.86,46.9,0,0,211,211,"Overcast"
15589,3,"Docklands Stadium",57.4,53.65,40.7,0,0,223,223,"Clear"
15590,2.76,"The Gabba",73.6,43.11,49.8,0,0,38,38,"Clear"
15591,3.03846153846154,"Adelaide Oval",61.3,60.23,47.4,0,0,26,26,"Partially cloudy"
15592,3.53571428571429,"Docklands Stadium",55.4,57.51,40.6,0,0,352,352,"Clear"
15593,3.11363636363636,"Perth Stadium",75,73.73,66,0,0,259,259,"Clear"
15594,3.42857142857143,"Melbourne Cricket Ground",62.5,42.86,39.7,0,0,346,346,"Partially cloudy"
15595,3.50943396226415,"Sydney Showground Stadium",66.7,61.64,53.1,0,0,47,47,"Clear"
15596,3.23529411764706,"Melbourne Cricket Ground",51.8,81.91,46.4,0,0,296,296,"Partially cloudy"
15597,3.04545454545455,"Melbourne Cricket Ground",53.9,56.78,38.9,0,0,360,360,"Clear"
15598,3.18867924528302,"Sydney Cricket Ground",76.4,17.38,28.9,0,0,292,292,"Clear"
15599,3.11111111111111,"Docklands Stadium",63,42.81,40,0,0,359,359,"Clear"
15600,3.04918032786885,"Kardinia Park",63.5,43.46,40.9,0,0,350,350,"Clear"
15601,3.2962962962963,"Carrara Stadium",59.3,75.27,51.4,0,0,41,41,"Clear"
15602,3.25,"Perth Stadium",76.4,45.33,53.7,0,0,227,227,"Clear"
15603,3.56140350877193,"Docklands Stadium",53.7,56.49,38.6,0,0,191,191,"Partially cloudy"
15604,3.33333333333333,"Melbourne Cricket Ground",53.4,56.01,38.1,0,0,206,206,"Overcast"
15605,3.24074074074074,"Adelaide Oval",51.5,65.6,40.3,0,0,223,223,"Partially cloudy"
15606,3.12727272727273,"Perth Stadium",74.8,75.27,66.5,0,0,270,270,"Clear"
15607,2.65853658536585,"Kardinia Park",52.6,71.29,43.5,0,0,269,269,"Partially cloudy"
15608,3.17307692307692,"Sydney Showground Stadium",64.1,23.2,25.8,0.007,0.007,279,279,"Rain"
15609,3.2037037037037,"The Gabba",70.9,12.28,16.3,0,0,270,270,"Clear"
15610,2.88461538461538,"Kardinia Park",63.4,47.49,43.1,0,0,240,240,"Overcast"
15611,3.09803921568627,"The Gabba",68.2,66.73,56.7,0,0,130,130,"Partially cloudy"
15612,3.24444444444444,"Kardinia Park",73.7,45.87,51.6,0,0,40,40,"Clear"
15613,2.81081081081081,"Melbourne Cricket Ground",60.8,56.71,45.3,0,0,269,269,"Overcast"
15614,3.16279069767442,"Melbourne Cricket Ground",57.1,52.06,39.7,0,0,194,194,"Partially cloudy"
15615,3.91489361702128,"Melbourne Cricket Ground",79.9,51.13,60.2,0,0,341,341,"Clear"
15616,3.75,"Docklands Stadium",63,76.9,55.6,0,0,191,191,"Partially cloudy"
15617,3.16216216216216,"Docklands Stadium",63.3,59.3,48.8,0,0,207,207,"Overcast"
15618,3.71794871794872,"Adelaide Oval",67.8,60.42,53.6,0,0,220,220,"Partially cloudy"
15619,4.11627906976744,"Sydney Showground Stadium",70.3,64.02,57.6,0,0,118,118,"Partially cloudy"
15620,2.475,"Carrara Stadium",79.7,67.73,68.1,0,0,103,103,"Partially cloudy"
15621,2.63414634146341,"Docklands Stadium",61.7,74.67,53.6,0,0,192,192,"Partially cloudy"
15622,3.84615384615385,"Melbourne Cricket Ground",63.8,66.69,52.5,0.013,0.013,197,197,"Rain, Partially cloudy"
15623,3.25641025641026,"Perth Stadium",94.7,60.84,79.1,0,0,259,259,"Partially cloudy"
15624,2.75,"Melbourne Cricket Ground",45.9,88.13,42.6,0,0,3,3,"Overcast"
15649,3.68292682926829,"Kardinia Park",50.6,77.01,43.6,0,0,44,44,"Overcast"
15650,3.45238095238095,"The Gabba",71.8,71.27,62,0,0,80,80,"Partially cloudy"
15651,2.97222222222222,"Docklands Stadium",60.8,60.84,47.2,0,0,1,1,"Overcast"
15652,2.93478260869565,"Carrara Stadium",67.4,89.9,64.4,0,0,128,128,"Partially cloudy"
15653,4,"Adelaide Oval",52.8,78.41,46.3,0,0,274,274,"Partially cloudy"
15654,3.31707317073171,"Sydney Showground Stadium",69.7,47.77,49,0,0,261,261,"Partially cloudy"
15655,3.75,"Sydney Cricket Ground",69,29.94,36.3,0.001,0.001,267,267,"Rain"
15656,3.64864864864865,"Docklands Stadium",56.8,70.35,47.3,0,0,351,351,"Overcast"
15658,3.11764705882353,"Melbourne Cricket Ground",54.8,77.77,48,0,0,12,12,"Overcast"
15659,2.27027027027027,"Docklands Stadium",58.3,69.82,48.5,0,0,355,355,"Clear"
15660,2.95348837209302,"Docklands Stadium",60.8,61.96,47.7,0,0,349,349,"Partially cloudy"
15661,3.16216216216216,"Melbourne Cricket Ground",60.3,57.7,45.3,0,0,350,350,"Partially cloudy"
15662,2.87179487179487,"The Gabba",60.6,90.21,57.7,0,0,185,185,"Partially cloudy"
15663,3.21276595744681,"Kardinia Park",54.3,70.71,45,0,0,354,354,"Partially cloudy"
15664,3,"Carrara Stadium",70.6,62.14,57,0.001,0.001,54,54,"Rain"
15700,2.89189189189189,"Perth Stadium",74.8,54.75,57.5,0,0,170,170,"Clear"
15701,3.05882352941176,"Sydney Cricket Ground",56.6,57.12,41.6,0,0,247,247,"Partially cloudy"
15702,3.70588235294118,"Sydney Showground Stadium",56.2,72.4,47.5,0,0,192,192,"Partially cloudy"
15703,3.175,"Adelaide Oval",58.8,46.94,38.6,0,0,337,337,"Clear"
15704,3.80952380952381,"Docklands Stadium",53.5,65.7,42.3,0,0,226,226,"Partially cloudy"
15705,3.26666666666667,"Docklands Stadium",46.1,93.08,44.2,0,0,121.8,121.8,"Partially cloudy"
15706,3.93103448275862,"Carrara Stadium",63.6,64.66,51.4,0,0,150,150,"Partially cloudy"
15707,2.71739130434783,"The Gabba",63.5,75.99,55.8,0,0,207,207,"Partially cloudy"
15708,2.96666666666667,"Melbourne Cricket Ground",53.9,65.18,42.5,0,0,238,238,"Clear"
15709,3.14285714285714,"Melbourne Cricket Ground",45.2,89.21,42.2,0,0,5,5,"Clear"
15719,3,"Docklands Stadium",52,62.67,39.6,0,0,349,349,"Partially cloudy"
15720,3.79310344827586,"Melbourne Cricket Ground",45.7,82.1,40.6,0,0,268,268,"Partially cloudy"
15721,3.07692307692308,"Perth Stadium",91.4,26.08,51.8,0,0,50,50,"Clear"
15722,3.39024390243902,"Kardinia Park",54.5,82.19,49.1,0,0,225,225,"Partially cloudy"
15723,3.30555555555556,"Docklands Stadium",52.6,99.5,52.5,0,0,264,264,"Partially cloudy"
15724,2.76086956521739,"The Gabba",60.1,31.12,29.5,0,0,251,251,"Clear"
15725,3,"Adelaide Oval",55.5,77.92,48.7,0,0,230,230,"Partially cloudy"
15740,3.45945945945946,"Melbourne Cricket Ground",54.3,80.8,48.5,0.003,0.003,209,209,"Rain, Overcast"
15741,3.62857142857143,"Sydney Showground Stadium",56.7,57.81,42,0,0,145,145,"Clear"
15742,2.97368421052632,"Kardinia Park",53.4,76.41,46.2,0,0,4,4,"Partially cloudy"
15743,2.33333333333333,"Melbourne Cricket Ground",54.7,79,48.3,0,0,1,1,"Partially cloudy"
15744,3.48837209302326,"Perth Stadium",84.7,17.07,35.2,0,0,117,117,"Clear"
15745,3.48275862068966,"Perth Stadium",86.2,20.68,41.3,0,0,136,136,"Clear"
15746,3.58974358974359,"Melbourne Cricket Ground",49.7,99.89,49.7,0,0,8,8,"Overcast"
15747,2.48936170212766,"Docklands Stadium",49.2,99.81,49.2,0,0,3,3,"Overcast"
15748,2.94444444444444,"Adelaide Oval",56.1,67.27,45.4,0,0,153,153,"Clear"
15749,2,"Melbourne Cricket Ground",55,87.26,51.3,0,0,201,201,"Overcast"
15750,3.92105263157895,"Docklands Stadium",51.8,98.4,51.4,0,0,178,178,"Partially cloudy"
15751,3,"Kardinia Park",51.1,88.93,47.9,0,0,179,179,"Overcast"
15752,2.97872340425532,"Docklands Stadium",43.3,99.56,43.2,0,0,359,359,"Clear"
15753,3.34782608695652,"Sydney Showground Stadium",60.9,62.05,47.8,0,0,129,129,"Partially cloudy"
15754,3.19565217391304,"Sydney Cricket Ground",61.1,67.12,50.1,0,0,74,74,"Partially cloudy"
15755,2.9375,"Melbourne Cricket Ground",52,65.59,40.8,0,0,351,351,"Partially cloudy"
15756,3.075,"Docklands Stadium",58.3,57.55,43.4,0,0,350,350,"Partially cloudy"
15757,3.60526315789474,"Melbourne Cricket Ground",58.6,57.31,43.5,0.001,0.001,351,351,"Rain, Overcast"
15758,3.03333333333333,"Perth Stadium",78.8,47.55,57.2,0,0,260,260,"Clear"
15759,3.45945945945946,"Adelaide Oval",46.4,91.14,44,0,0,144,144,"Partially cloudy"
15760,2.43243243243243,"Carrara Stadium",58.9,89.28,55.8,0,0,227,227,"Partially cloudy"
15761,2.91891891891892,"Sydney Showground Stadium",59,75.51,51.2,0,0,25,25,"Clear"
15762,3.75,"Docklands Stadium",51.3,66.58,40.5,0,0,224,224,"Overcast"
15763,3.14705882352941,"Sydney Cricket Ground",60.4,81.9,54.8,0.008,0.008,93,93,"Rain, Overcast"
15764,3.31428571428571,"Adelaide Oval",49,90.99,46.5,0,0,104,104,"Clear"
15765,2.95,"Adelaide Oval",59,62.81,46.3,0,0,336,336,"Partially cloudy"
15766,3.53488372093023,"Perth Stadium",84.2,16.42,33.8,0,0,120,120,"Clear"
15767,2.25,"Melbourne Cricket Ground",51.7,93.46,49.9,0,0,234,234,"Overcast"
15768,1.96666666666667,"Perth Stadium",75.9,24.53,37,0,0,194,194,"Partially cloudy"
15769,3.43589743589744,"Docklands Stadium",52.8,86.44,48.9,0,0,51,51,"Partially cloudy"
15770,2.92105263157895,"Melbourne Cricket Ground",46.8,82.65,41.8,0,0,138,138,"Clear"
15771,3.94594594594595,"Docklands Stadium",59.3,50.75,41.1,0,0,0,0,"Rain, Partially cloudy"
15772,3.07894736842105,"Docklands Stadium",51.8,64.66,40.3,0,0,6,6,"Overcast"
15773,3.76744186046512,"Docklands Stadium",59.9,55.05,43.7,0,0,358,358,"Partially cloudy"
15774,2.92,"Docklands Stadium",58,61.09,44.6,0,0,360,360,"Partially cloudy"
15775,3.88571428571429,"Perth Stadium",72.7,75.15,64.4,0,0,288,288,"Clear"
15776,2.42105263157895,"Carrara Stadium",73,39.27,46.7,0,0,49,49,"Clear"
15777,3.6551724137931,"Perth Stadium",80.6,44.83,57.2,0,0,310,310,"Clear"
15778,2.51351351351351,"Adelaide Oval",50.4,86.2,46.4,0,0,192,192,"Partially cloudy"
15780,2.83333333333333,"Melbourne Cricket Ground",42.5,87.24,38.9,0,0,214,214,"Partially cloudy"
15781,3.69230769230769,"Kardinia Park",49.5,70.7,40.3,0,0,219,219,"Partially cloudy"
15782,3.15789473684211,"Adelaide Oval",44.5,54.28,29,0,0,143,143,"Clear"
15783,2.26315789473684,"Melbourne Cricket Ground",52.2,66.39,41.3,0,0,147,147,"Partially cloudy"
15784,3.63414634146341,"Carrara Stadium",62.7,87.45,58.9,0,0,129,129,"Clear"
15785,3.08571428571429,"Docklands Stadium",51.8,67.97,41.6,0,0,130,130,"Overcast"
15800,3.53333333333333,"Adelaide Oval",51.7,81.38,46.1,0,0,158,158,"Partially cloudy"
15801,3.85714285714286,"The Gabba",66.9,50.4,47.9,0,0,259,259,"Partially cloudy"
15802,3.60606060606061,"Perth Stadium",82.4,23.1,41,0,0,270,270,"Clear"
15803,2.90697674418605,"Melbourne Cricket Ground",56.9,63.7,44.8,0,0,160,160,"Partially cloudy"
15804,3,"Docklands Stadium",51.2,80.61,45.4,0,0,9,9,"Clear"
15805,3.04,"Perth Stadium",75.1,89.07,71.7,0,0,318,318,"Partially cloudy"
15806,3.12903225806452,"Adelaide Oval",53.7,82.21,48.4,0,0,6,6,"Partially cloudy"
15807,3.4047619047619,"Carrara Stadium",63.5,83.28,58.3,0,0,28,28,"Clear"
15808,2.96666666666667,"Sydney Cricket Ground",65.3,61.72,51.9,0,0,116,116,"Partially cloudy"
15809,3.4,"Kardinia Park",54.7,86.42,50.7,0,0,2,2,"Partially cloudy"
15810,2.94285714285714,"Docklands Stadium",58,77.41,50.9,0,0,205,205,"Partially cloudy"
15811,4.21212121212121,"Melbourne Cricket Ground",54.9,93.25,53,0,0,202,202,"Partially cloudy"
15812,2.36666666666667,"Perth Stadium",75.3,69.56,64.7,0,0,298,298,"Clear"
15813,3.28,"Docklands Stadium",57,82.93,51.8,0,0,210,210,"Partially cloudy"
15814,3.66666666666667,"Docklands Stadium",55.8,87.77,52.2,0,0,0,0,"Rain, Partially cloudy"
15815,3.20512820512821,"Perth Stadium",77,65.15,64.4,0,0,260,260,"Clear"
15816,2.61290322580645,"Melbourne Cricket Ground",55.4,58.24,40.9,0,0,354,354,"Overcast"
15817,2.07692307692308,"Carrara Stadium",65.6,32.08,35,0,0,264,264,"Clear"
15818,2.72340425531915,"Docklands Stadium",50.7,71.23,41.7,0,0,236,236,"Partially cloudy"
15819,2.73333333333333,"Adelaide Oval",51,66.05,40.1,0,0,235,235,"Clear"
15820,3.44736842105263,"Docklands Stadium",45.1,95.02,43.7,0,0,282,282,"Partially cloudy"
15821,2.44,"Perth Stadium",82.1,32.89,50.1,0,0,236,236,"Clear"
15822,2.63157894736842,"Adelaide Oval",51.9,65.21,40.6,0,0,238,238,"Partially cloudy"
15823,2.52631578947368,"The Gabba",69.6,18.24,24.5,0,0,259,259,"Clear"
15824,3.02857142857143,"Perth Stadium",82.4,61.84,68,0,0,310,310,"Clear"
15825,2.96969696969697,"Melbourne Cricket Ground",48.4,77.37,41.6,0,0,249,249,"Partially cloudy"
15826,3.44444444444444,"Melbourne Cricket Ground",67.6,38.35,41.3,0,0,331,331,"Partially cloudy"
15827,3.78947368421053,"Melbourne Cricket Ground",48.1,86.74,44.4,0,0,267,267,"Clear"
15828,3.5,"Docklands Stadium",55,62.62,42.5,0,0,18,18,"Partially cloudy"
15829,3.37142857142857,"Adelaide Oval",72.3,26.97,36.4,0,0,2,2,"Clear"
15830,3.55,"Perth Stadium",91.2,26.14,51.7,0,0,290,290,"Clear"
15831,3.73076923076923,"Melbourne Cricket Ground",59.3,57.46,44.3,0,0,10,10,"Clear"
15832,2.74418604651163,"Docklands Stadium",67.1,39.99,42,0,0,350,350,"Overcast"
15833,2.59090909090909,"Carrara Stadium",65.4,59.14,50.8,0,0,60,60,"Clear"
15834,3.09756097560976,"Melbourne Cricket Ground",57.2,49.62,38.6,0,0,352,352,"Overcast"
15835,3.12121212121212,"Perth Stadium",75,93.58,73,0,0,300,300,"Clear"
15836,2.89285714285714,"Melbourne Cricket Ground",64.9,52.51,47.1,0,0,1,1,"Overcast"
15837,2.94736842105263,"Sydney Cricket Ground",82.4,29.62,47.5,0,0,310,310,"Clear"
15838,2.075,"Sydney Showground Stadium",76.7,39.37,50.1,0,0,344,344,"Partially cloudy"
15839,3.04166666666667,"The Gabba",67.7,69.63,57.4,0,0,21,21,"Clear"
15840,3.07894736842105,"Docklands Stadium",54,64.65,42.4,0,0,194,194,"Clear"
15841,3.15555555555556,"Docklands Stadium",64.5,43.86,42,0,0,360,360,"Clear"
15842,3.36363636363636,"Kardinia Park",65.3,45.45,43.6,0,0,360,360,"Partially cloudy"
15843,2.62857142857143,"Docklands Stadium",61.4,49.98,42.6,0,0,360,360,"Partially cloudy"
15844,2.05263157894737,"Melbourne Cricket Ground",68,53.92,50.7,0,0,15,15,"Overcast"
15845,3,"Adelaide Oval",56.3,67.26,45.6,0,0,131,131,"Overcast"
15846,2.84210526315789,"Docklands Stadium",55.3,76.38,48,0,0,175,175,"Partially cloudy"
15847,3.125,"The Gabba",64.5,68.1,53.7,0,0,91,91,"Partially cloudy"
15848,2.44444444444444,"Docklands Stadium",63.3,57.8,48.2,0,0,11,11,"Clear"
15849,2.54545454545455,"Kardinia Park",63,52.88,45.6,0,0,15,15,"Overcast"
15850,3.58333333333333,"Docklands Stadium",60.6,61.12,47.1,0,0,356,356,"Overcast"
15851,2.73684210526316,"Adelaide Oval",56.2,89.36,53.1,0,0,191,191,"Overcast"
15852,3.30434782608696,"Sydney Showground Stadium",62.8,79.97,56.5,0,0,33,33,"Clear"
15853,2.65957446808511,"Docklands Stadium",59,64.01,46.9,0,0,210,210,"Partially cloudy"
15854,3.53125,"Melbourne Cricket Ground",62.2,51.82,44.3,0,0,190,190,"Partially cloudy"
15855,3.23529411764706,"Sydney Cricket Ground",66.1,51.3,47.6,0,0,320,320,"Overcast"
15856,3.3030303030303,"Melbourne Cricket Ground",52.7,78.82,46.3,0,0,217,217,"Clear"
15857,3.03846153846154,"Docklands Stadium",54.5,77.94,47.7,0,0,171,171,"Partially cloudy"
15858,2.89189189189189,"Docklands Stadium",58.1,84.28,53.4,0,0,188,188,"Overcast"
15859,3.28571428571429,"Docklands Stadium",77.8,40.76,52,0,0,32,32,"Overcast"
15860,3.05714285714286,"Adelaide Oval",64.4,66.33,52.9,0,0,298,298,"Partially cloudy"
15861,4,"The Gabba",69,69.11,58.4,0,0,98,98,"Overcast"
15862,3.76744186046512,"Melbourne Cricket Ground",69.9,54.61,52.8,0,0,352,352,"Clear"
15863,3.17073170731707,"Sydney Cricket Ground",69.9,74.63,61.5,0.323,0.323,19,19,"Rain, Partially cloudy"
15864,3.31428571428571,"Perth Stadium",80.5,74.35,71.6,0,0,278,278,"Clear"
15865,3.4,"Melbourne Cricket Ground",60.8,49.11,41.6,0,0,9,9,"Clear"
15866,3.0625,"Adelaide Oval",60.8,57.12,45.5,0,0,44,44,"Clear"
15867,3.42857142857143,"The Gabba",70.9,77.67,63.6,0,0,102,102,"Clear"
15868,3.11904761904762,"Docklands Stadium",83.1,32.24,50.4,0,0,2,2,"Overcast"
15869,3.87179487179487,"Perth Stadium",81.9,79.69,75,0,0,288,288,"Overcast"
15870,2.67391304347826,"Melbourne Cricket Ground",59.8,54.81,43.5,0,0,243,243,"Partially cloudy"
15871,3.58333333333333,"Kardinia Park",60.4,63.27,47.9,0,0,198,198,"Partially cloudy"
15872,2.64516129032258,"Adelaide Oval",60.2,94.14,58.5,0,0,313,313,"Partially cloudy"
15873,2.76744186046512,"The Gabba",71.7,62.82,58.3,0,0,29,29,"Clear"
15874,3.09756097560976,"Melbourne Cricket Ground",55.3,57.52,40.5,0,0,191,191,"Overcast"
